Player Name,Team,Pos,Games,G,A,Pts,+/-,PIM,SOG,GWG,G,A,G,A,Hits,BS
Connor McDavid,EDM,C,56,33,72,105,21,20,200,11,9,28,0,0,61,24
Leon Draisaitl,EDM,C,56,31,53,84,29,22,168,8,15,17,1,0,37,12
Brad Marchand,BOS,LW,53,29,40,69,26,46,143,5,4,14,4,3,66,11
Mitch Marner,TOR,C,55,20,47,67,21,20,156,5,0,14,0,2,23,41
Auston Matthews,TOR,C,52,41,25,66,21,10,222,12,10,3,0,0,57,47
Mikko Rantanen,COL,RW,52,30,36,66,30,34,177,7,9,15,0,0,26,20
Patrick Kane,CHI,RW,56,15,51,66,-7,14,191,3,3,19,0,0,13,15
Nathan MacKinnon,COL,C,48,20,45,65,22,37,206,2,8,17,0,0,38,15
Mark Scheifele,WPG,C,56,21,42,63,-4,12,126,4,4,13,0,0,31,38
Sidney Crosby,PIT,C,55,24,38,62,8,26,159,5,5,17,1,0,44,28
Mark Stone,VGK,RW,55,21,40,61,26,28,98,8,6,11,1,0,31,33
Jonathan Huberdeau,FLA,LW,55,20,41,61,12,36,122,1,5,19,0,0,51,11
Aleksander Barkov,FLA,C,50,26,32,58,12,14,176,6,7,12,1,0,31,37
David Perron,STL,RW,56,19,39,58,6,22,151,2,6,15,0,0,45,25
Artemi Panarin,NYR,LW,42,17,41,58,14,6,106,1,5,13,0,0,13,7
Sebastian Aho,CAR,LW,56,24,33,57,16,32,148,7,7,11,3,0,38,25
Jake Guentzel,PIT,LW,56,23,34,57,7,28,141,7,6,12,0,1,43,32
Alex DeBrincat,CHI,RW,52,32,24,56,3,12,155,7,9,9,1,0,70,22
Ryan O'Reilly,STL,C,56,24,30,54,26,18,129,4,4,8,2,0,24,26
Nicklas Backstrom,WAS,C,55,15,38,53,0,14,91,0,5,17,0,0,25,27
Gabriel Landeskog,COL,LW,54,20,32,52,14,34,155,8,9,6,0,0,81,28
Kirill Kaprizov,MIN,LW,55,27,24,51,10,16,157,3,8,5,0,0,29,18
Joe Pavelski,DAL,RW,56,25,26,51,22,16,139,4,13,8,0,0,64,39
Max Pacioretty,VGK,LW,48,24,27,51,20,14,174,6,6,6,0,0,33,29
Kyle Connor,WPG,LW,56,26,24,50,-4,12,166,5,10,3,0,0,18,18
Mika Zibanejad,NYR,C,56,24,26,50,2,18,171,7,10,4,2,2,75,44
John Tavares,TOR,C,56,19,31,50,12,14,163,2,6,6,0,0,51,28
Anze Kopitar,LA,C,56,13,37,50,-7,10,118,4,3,20,0,0,45,37
Brock Boeser,VAN,RW,56,23,26,49,-3,16,141,1,8,6,1,0,32,20
Evander Kane,EDM,LW,56,22,27,49,-1,42,194,2,3,4,2,2,97,22
Johnny Gaudreau,CGY,LW,56,19,30,49,2,6,112,5,7,12,0,0,8,9
Ryan Strome,NYR,C,56,14,35,49,6,39,128,1,3,15,0,2,22,18
Brayden Point,TB,C,56,23,25,48,2,11,131,6,6,9,0,0,23,18
Patrice Bergeron,BOS,C,54,23,25,48,27,16,182,3,7,6,3,1,49,36
David Pastrnak,BOS,RW,48,20,28,48,10,24,176,3,6,8,0,0,35,13
Pavel Buchnevich,STL,LW,54,20,28,48,12,42,120,2,1,7,3,1,49,29
Tyson Barrie,EDM,D,56,8,40,48,5,10,146,2,4,19,0,0,26,59
Elias Lindholm,CGY,RW,56,19,28,47,10,22,130,4,6,10,0,1,53,34
Adam Fox,NYR,D,55,5,42,47,19,14,102,1,2,21,1,1,23,102
Nikolaj Ehlers,WPG,LW,47,21,25,46,15,15,148,5,6,7,0,0,26,12
J.T. Miller,VAN,C,53,15,31,46,-7,43,106,4,3,15,1,0,90,24
Ondrej Palat,TB,LW,55,15,31,46,1,26,111,6,7,13,0,0,82,43
Blake Wheeler,WPG,RW,50,15,31,46,-17,50,113,2,4,11,0,0,63,30
Jason Robertson,DAL,LW,51,17,28,45,13,16,127,3,1,5,0,0,28,13
Mathew Barzal,NYI,C,55,17,28,45,15,48,134,1,1,7,0,0,22,13
Victor Hedman,TB,D,54,9,36,45,5,28,136,2,1,23,0,0,51,73
Kris Letang,PIT,D,55,7,38,45,19,32,132,2,1,14,0,1,92,65
Tyler Toffoli,CGY,RW,52,28,16,44,0,24,158,5,7,3,2,1,75,12
Andre Burakovsky,COL,LW,53,19,25,44,4,10,102,3,4,10,0,0,22,16
Jonathan Marchessault,VGK,LW,55,18,26,44,19,39,176,4,3,3,0,0,44,14
Oliver Bjorkstrand,CLS,RW,56,18,26,44,-15,23,143,0,2,4,0,0,42,30
John Carlson,WAS,D,52,10,34,44,-5,12,128,1,3,12,0,0,52,69
David Krejci,FA,C,51,8,36,44,16,16,83,1,3,13,0,0,25,26
Cale Makar,COL,D,44,8,36,44,17,12,104,3,4,18,0,0,49,36
T.J. Oshie,WAS,RW,53,22,21,43,-3,18,106,1,13,4,0,0,70,27
Phil Kessel,ARI,RW,56,20,23,43,-17,12,115,3,4,9,0,0,8,9
Tomas Hertl,SJ,LW,50,19,24,43,1,27,112,2,4,6,1,0,39,39
Vincent Trocheck,CAR,C,47,17,26,43,-3,20,123,2,7,11,0,0,107,28
James van Riemsdyk,PHI,LW,56,17,26,43,2,14,132,1,10,2,0,0,40,16
Claude Giroux,FLA,C,54,16,27,43,-4,12,120,2,1,10,0,0,32,6
Matthew Tkachuk,CGY,LW,56,16,27,43,6,55,151,0,4,11,0,0,132,9
Roope Hintz,DAL,LW,41,15,28,43,13,4,92,1,6,12,0,0,52,15
Jakub Voracek,CLS,LW,53,9,34,43,-12,18,104,2,0,8,0,0,17,20
Alex Ovechkin,WAS,LW,45,24,18,42,-7,12,182,6,9,8,0,0,98,23
Bryan Rust,PIT,RW,56,22,20,42,9,18,154,6,6,5,0,0,62,30
William Nylander,TOR,C,51,17,25,42,10,16,133,2,4,7,0,0,12,15
Andrei Svechnikov,CAR,RW,55,15,27,42,1,44,147,1,4,13,0,0,114,18
Jeff Petry,MON,D,55,12,30,42,6,20,128,2,4,11,0,1,97,60
Dougie Hamilton,NJ,D,55,10,32,42,20,35,180,2,2,16,1,0,52,64
Shea Theodore,VGK,D,53,8,34,42,28,14,161,0,0,15,0,0,22,43
Sean Couturier,PHI,C,45,18,23,41,-4,8,120,4,3,7,0,0,34,22
Jakob Chychrun,ARI,D,56,18,23,41,-6,42,176,3,5,9,0,0,59,89
Nick Suzuki,MON,C,56,15,26,41,-5,26,110,1,5,8,1,1,70,38
Martin Necas,CAR,C,53,14,27,41,25,10,114,3,4,7,2,2,45,32
Quinn Hughes,VAN,D,56,3,38,41,-24,22,98,0,0,19,0,0,18,43
Sam Reinhart,FLA,RW,54,25,15,40,-28,10,130,5,10,6,0,0,15,27
Kevin Fiala,MIN,LW,50,20,20,40,-2,43,162,5,6,8,0,0,27,13
Bo Horvat,VAN,C,56,19,20,39,-6,23,131,3,7,4,1,0,64,38
Andrew Copp,NYR,C,55,15,24,39,2,20,115,1,6,6,0,1,67,41
William Karlsson,VGK,C,56,14,25,39,19,4,111,4,1,7,0,1,29,29
Conor Garland,VAN,RW,49,12,27,39,-3,26,135,1,3,7,0,0,26,19
Joel Farabee,PHI,LW,55,20,18,38,0,28,122,1,3,4,0,0,48,21
Dominik Kubalik,CHI,LW,56,17,21,38,-3,18,156,1,4,10,0,0,57,17
Jordan Staal,CAR,C,53,16,22,38,2,30,103,4,7,7,0,1,135,24
Jakub Vrana,DET,RW,50,19,17,36,10,10,100,7,0,5,0,0,29,8
Carter Verhaeghe,FLA,C,43,18,18,36,24,31,107,3,1,1,1,0,33,14
Brady Tkachuk,OTT,LW,56,17,19,36,-17,69,220,3,5,5,0,0,248,23
Mike Hoffman,MON,LW,52,17,19,36,2,10,113,3,7,10,0,0,29,12
Yanni Gourde,SEA,LW,56,17,19,36,10,44,118,4,2,4,0,0,51,21
Darnell Nurse,EDM,D,56,16,20,36,27,57,154,2,1,6,0,0,117,100
Brayden Schenn,STL,C,56,16,20,36,-2,35,113,2,6,3,0,0,119,35
John Klingberg,DAL,D,53,7,29,36,-15,23,108,1,2,15,0,0,49,52
MacKenzie Weegar,FLA,D,54,6,30,36,29,45,101,1,0,3,0,2,118,83
Connor Brown,OTT,RW,56,21,14,35,1,12,123,1,1,3,5,0,22,30
Josh Norris,OTT,C,56,17,18,35,-12,13,96,2,6,8,0,0,72,34
Pavel Zacha,NJ,C,50,17,18,35,-11,10,103,4,5,6,0,0,42,10
Ryan Nugent-Hopkins,EDM,LW,52,16,19,35,-4,22,135,2,9,11,0,0,26,29
Chandler Stephenson,VGK,C,51,14,21,35,22,29,83,5,2,3,1,1,43,35
Clayton Keller,ARI,C,56,14,21,35,-5,18,124,3,4,6,0,0,20,14
Jordan Kyrou,STL,RW,55,14,21,35,1,12,98,2,0,3,0,0,7,13
Mats Zuccarello,MIN,RW,42,11,24,35,9,8,74,0,3,3,0,0,12,19
Jamie Benn,DAL,C,52,11,24,35,13,33,124,2,3,6,0,0,73,27
Josh Bailey,NYI,LW,54,8,27,35,12,4,77,1,0,9,0,0,13,19
Morgan Rielly,TOR,D,55,5,30,35,11,14,101,1,1,11,0,1,63,61
Nino Niederreiter,CAR,RW,56,20,14,34,20,29,126,4,4,1,0,0,68,17
Drake Batherson,OTT,RW,56,17,17,34,-17,8,111,3,5,10,0,0,102,29
Steven Stamkos,TB,C,38,17,17,34,4,16,91,1,10,5,0,1,38,10
Cam Atkinson,PHI,RW,56,15,19,34,-16,4,158,2,1,8,4,0,22,30
Jack Roslovic,CLS,RW,48,12,22,34,-11,14,85,1,4,6,0,0,34,22
Travis Konecny,PHI,C,50,11,23,34,-5,26,100,1,4,7,0,0,55,16
Drew Doughty,LA,D,56,8,26,34,-14,26,101,0,6,12,0,1,91,83
Alex Tuch,BUF,RW,55,18,15,33,16,28,142,3,2,2,0,0,52,36
Brock Nelson,NYI,C,56,18,15,33,-5,14,121,4,7,2,0,0,36,26
Jordan Eberle,SEA,RW,55,16,17,33,9,16,128,2,1,4,0,0,30,18
Max Comtois,ANH,LW,55,16,17,33,3,40,94,3,1,3,0,0,93,34
Alex Killorn,TB,C,56,15,18,33,-1,37,121,1,5,4,0,1,59,12
Zach Hyman,EDM,RW,43,15,18,33,19,28,115,4,3,2,0,0,69,21
Tom Wilson,WAS,RW,47,13,20,33,1,96,83,4,4,4,1,0,105,25
Taylor Hall,BOS,LW,53,10,23,33,-6,26,136,1,2,6,0,0,34,15
Roman Josi,NSH,D,48,8,25,33,-11,20,141,3,1,13,0,1,27,83
Andrew Mangiapane,CGY,LW,56,18,14,32,1,24,91,4,2,3,1,0,51,33
Jared McCann,SEA,C,43,14,18,32,17,8,93,3,7,3,0,0,40,17
Patric Hornqvist,FLA,RW,44,14,18,32,-3,39,145,2,8,4,0,0,80,23
Craig Smith,BOS,RW,54,13,19,32,21,18,132,4,4,2,0,0,66,8
Victor Olofsson,BUF,LW,56,13,19,32,-23,6,129,0,7,8,0,0,17,12
Filip Forsberg,NSH,RW,39,12,20,32,-9,16,129,3,3,10,0,0,47,14
Nazem Kadri,COL,C,56,11,21,32,-7,34,170,3,3,6,0,0,36,19
Nick Schmaltz,ARI,RW,52,10,22,32,-1,16,105,1,3,4,0,0,15,25
Anthony Duclair,FLA,LW,43,10,22,32,27,18,104,1,1,1,0,1,32,9
Mikael Backlund,CGY,C,54,9,23,32,-7,30,144,1,0,6,1,1,43,21
Alec Martinez,VGK,D,53,9,23,32,26,12,85,2,3,6,0,0,44,168
Jordan Greenway,MIN,LW,56,6,26,32,5,49,80,0,0,1,0,0,87,28
Samuel Girard,COL,D,48,5,27,32,15,16,79,0,0,9,0,0,31,52
Neal Pionk,WPG,D,54,3,29,32,6,20,100,0,1,9,0,0,137,74
Torey Krug,STL,D,51,2,30,32,11,25,110,0,1,12,0,0,51,57
Joonas Donskoi,SEA,RW,51,17,14,31,14,10,86,3,5,3,0,0,14,25
Logan Couture,SJ,C,53,17,14,31,-11,25,114,2,2,4,1,0,58,39
Dustin Brown,LA,RW,49,17,14,31,-3,18,129,1,9,2,0,0,85,10
Christian Dvorak,MON,LW,56,17,14,31,-11,12,95,4,8,3,1,0,48,45
Blake Coleman,CGY,C,55,14,17,31,15,37,122,3,1,0,1,0,109,20
Timo Meier,SJ,LW,54,12,19,31,-5,22,155,0,2,8,0,0,75,24
Kevin Hayes,PHI,C,55,12,19,31,-2,22,127,2,3,6,0,0,60,14
Jack Hughes,NJ,C,56,11,20,31,-3,16,142,1,1,6,0,0,15,15
Devon Toews,COL,D,53,9,22,31,29,16,121,2,2,4,0,0,44,87
Thomas Chabot,OTT,D,49,6,25,31,-15,36,120,1,1,6,0,0,68,72
Nick Leddy,STL,D,56,2,29,31,-3,8,79,1,1,10,0,0,58,54
Chris Kreider,NYR,LW,50,20,10,30,-1,34,102,4,11,3,0,0,115,35
Joel Eriksson Ek,MIN,C,56,19,11,30,16,20,119,2,0,2,0,0,105,37
Jeff Carter,PIT,C,54,17,13,30,3,22,154,1,2,3,0,0,41,30
Yegor Sharangovich,NJ,LW,54,16,14,30,-4,4,114,3,2,0,1,0,20,20
Alex Iafallo,LA,C,55,13,17,30,-8,4,118,2,4,4,0,0,26,39
Denis Gurianov,DAL,RW,55,12,18,30,0,21,130,2,4,4,0,0,63,12
Kasperi Kapanen,PIT,RW,40,11,19,30,15,7,68,3,1,3,0,0,41,8
Tomas Tatar,NJ,LW,50,10,20,30,0,8,82,1,2,6,0,0,63,20
Jason Spezza,TOR,C,54,10,20,30,3,6,81,2,1,4,0,0,26,10
Jesper Bratt,NJ,LW,46,7,23,30,4,8,101,1,2,6,0,1,31,18
Charlie McAvoy,BOS,D,51,5,25,30,22,38,92,0,1,7,0,1,65,80
Mikhail Sergachev,TB,D,56,4,26,30,5,30,108,1,0,8,0,0,66,73
Alexander Wennberg,SEA,C,56,17,12,29,6,8,82,2,3,3,1,0,29,36
Anthony Mantha,WAS,RW,56,15,14,29,-14,25,138,0,3,1,0,0,49,27
Adrian Kempe,LA,C,56,14,15,29,-18,28,127,2,4,10,1,0,47,21
Paul Stastny,WPG,C,56,13,16,29,-3,32,101,4,2,6,0,0,38,19
Tim Stutzle,OTT,LW,53,12,17,29,-18,14,111,2,4,5,0,0,50,15
Evgeny Kuznetsov,WAS,C,41,9,20,29,7,18,78,4,1,7,0,0,21,18
Brent Burns,SJ,D,56,7,22,29,-13,36,138,1,2,4,0,1,31,94
Anthony Beauvillier,NYI,LW,47,15,13,28,15,12,109,5,3,1,0,0,39,13
Jean-Gabriel Pageau,NYI,C,54,14,14,28,10,10,81,3,5,3,2,0,111,58
Calle Jarnkrok,CGY,C,49,13,15,28,13,14,91,2,2,6,1,0,30,15
Kevin Labanc,SJ,RW,55,12,16,28,-9,31,128,2,0,3,0,0,61,15
Sean Monahan,CGY,C,50,10,18,28,-6,10,98,5,4,5,0,0,49,18
Rickard Rakell,PIT,C,52,9,19,28,-14,12,144,1,0,4,0,0,65,16
Evgeni Malkin,PIT,C,33,8,20,28,-4,24,72,0,4,5,0,0,18,12
Seth Jones,CHI,D,56,5,23,28,-18,26,141,1,2,6,0,0,102,101
Pius Suter,DET,LW,55,14,13,27,-5,14,112,3,1,2,0,0,28,34
Nils Hoglander,VAN,LW,56,13,14,27,-4,16,118,1,1,0,0,0,26,19
Mikael Granlund,NSH,C,51,13,14,27,-1,14,74,1,5,2,0,0,46,42
Sam Bennett,FLA,LW,48,10,17,27,-2,52,106,4,1,2,0,0,108,18
Miro Heiskanen,DAL,D,55,8,19,27,-9,12,121,1,3,8,0,0,47,52
Jake Muzzin,TOR,D,53,4,23,27,21,29,103,0,1,1,1,0,101,94
Keith Yandle,PHI,D,56,3,24,27,-8,38,113,1,1,17,0,0,18,27
Justin Schultz,WAS,D,46,3,24,27,12,10,67,1,0,8,0,0,28,49
Mike Reilly,BOS,D,55,0,27,27,5,22,98,0,0,4,0,0,70,43
Frank Vatrano,NYR,LW,56,18,8,26,8,26,158,7,2,2,0,0,69,21
Nick Ritchie,ARI,LW,56,15,11,26,-7,37,121,2,5,4,0,0,102,17
Marcus Foligno,MIN,LW,39,11,15,26,19,49,40,2,0,0,1,0,109,17
Nick Bonino,SJ,C,55,10,16,26,0,26,66,2,3,2,0,0,11,50
Mark Giordano,TOR,D,56,9,17,26,5,14,142,2,4,4,0,0,51,110
Ivan Provorov,PHI,D,56,7,19,26,4,28,126,2,0,10,0,0,56,106
Filip Hronek,DET,D,56,2,24,26,-18,16,114,0,0,11,0,0,67,46
Miles Wood,NJ,LW,55,17,8,25,-6,29,127,2,3,0,0,0,38,25
Jesse Puljujarvi,EDM,RW,55,15,10,25,6,16,115,0,2,2,0,0,101,20
Reilly Smith,VGK,RW,53,14,11,25,10,18,124,1,4,1,2,0,46,20
Mason Appleton,WPG,C,56,12,13,25,11,14,88,1,0,0,0,1,61,22
Viktor Arvidsson,LA,LW,50,10,15,25,9,21,151,2,2,1,0,0,15,33
Janne Kuokkanen,NJ,LW,50,8,17,25,-11,14,61,1,1,3,0,0,10,19
Jared Spurgeon,MIN,D,54,7,18,25,-2,6,94,0,3,6,0,0,52,102
Justin Faulk,STL,D,56,7,18,25,11,35,117,2,1,4,0,2,127,87
Brett Pesce,CAR,D,55,4,21,25,14,20,89,0,1,4,0,0,17,82
Josh Anderson,MON,RW,52,17,7,24,-10,38,125,5,1,1,1,0,139,25
Brandon Saad,STL,LW,44,15,9,24,1,12,68,1,2,1,0,0,16,10
Patrik Laine,CLS,RW,46,12,12,24,-28,25,82,1,4,3,0,0,36,15
Mattias Janmark,VGK,C,56,11,13,24,-12,10,95,0,4,3,1,0,26,14
Adam Lowry,WPG,LW,52,10,14,24,6,13,80,3,0,2,1,0,161,30
Brandon Hagel,TB,LW,52,9,15,24,-7,11,91,2,0,3,0,1,59,28
Max Domi,CAR,C,54,9,15,24,-18,75,99,2,2,1,0,0,15,10
Phillip Danault,LA,C,53,5,19,24,9,24,73,0,0,0,0,1,76,28
Oliver Ekman-Larsson,VAN,D,46,3,21,24,-17,32,83,0,2,12,0,0,72,26
Brendan Gallagher,MON,RW,35,14,9,23,10,16,106,2,3,0,0,0,46,12
Andreas Athanasiou,LA,C,47,10,13,23,-6,27,85,1,0,1,0,0,11,16
Milan Lucic,CGY,LW,56,10,13,23,-8,46,74,0,2,0,0,0,139,12
Victor Rask,SEA,C,54,10,13,23,1,2,53,1,1,5,0,0,21,10
Trevor Moore,LA,LW,56,10,13,23,-5,18,88,0,1,1,2,0,38,10
Gabriel Vilardi,LA,C,54,10,13,23,-8,6,65,3,3,1,0,0,18,19
Jonas Brodin,MIN,D,53,9,14,23,2,18,79,2,1,1,0,0,35,99
Dylan Larkin,DET,C,44,9,14,23,-14,34,134,0,1,5,0,0,38,17
Alex Kerfoot,TOR,C,56,8,15,23,2,12,68,1,0,2,1,0,41,34
Lars Eller,WAS,C,44,8,15,23,-1,21,69,2,0,4,0,0,36,16
Alex Pietrangelo,VGK,D,41,7,16,23,20,16,126,2,0,4,0,1,28,80
Mattias Ekholm,NSH,D,48,6,17,23,19,14,110,2,0,2,0,1,23,46
Rasmus Dahlin,BUF,D,56,5,18,23,-36,26,115,0,1,10,0,0,80,45
Cam Fowler,ANH,D,56,5,18,23,-4,18,75,1,0,4,0,0,27,36
Jonathan Drouin,MON,C,44,2,21,23,-8,20,76,0,0,5,0,0,42,7
Ty Smith,NJ,D,48,2,21,23,-9,22,69,0,1,6,0,0,32,35
Conor Sheary,WAS,LW,53,14,8,22,-1,14,88,1,1,2,0,0,24,20
Colin Blackwell,TOR,C,47,12,10,22,2,15,64,2,3,2,0,0,45,19
Eeli Tolvanen,NSH,LW,40,11,11,22,-10,4,65,4,6,6,0,0,78,16
Dillon Dube,CGY,C,51,11,11,22,-1,20,84,0,2,0,0,0,59,14
Aaron Ekblad,FLA,D,35,11,11,22,5,33,101,3,6,5,0,0,24,27
Casey Mittelstadt,BUF,C,41,10,12,22,-10,10,61,2,3,3,1,1,9,12
Anthony Cirelli,TB,C,50,9,13,22,0,10,75,3,1,3,2,0,64,32
Erik Karlsson,SJ,D,52,8,14,22,-18,18,110,1,3,5,0,1,20,69
Dmitry Orlov,WAS,D,51,8,14,22,16,20,83,2,0,2,0,0,87,50
Tyler Johnson,CHI,C,55,8,14,22,-1,16,77,1,2,1,0,0,63,15
Filip Chytil,NYR,C,42,8,14,22,9,10,76,0,0,0,0,0,15,19
Ryan Johansen,NSH,C,48,7,15,22,0,22,67,0,3,4,0,0,43,16
Teddy Blueger,PIT,C,43,7,15,22,10,16,49,1,0,0,3,0,53,25
Ryan Hartman,MIN,RW,51,7,15,22,0,33,74,2,0,3,1,1,55,33
Alex Goligoski,MIN,D,56,3,19,22,2,14,72,0,0,7,0,0,76,108
Adam Henrique,ANH,C,45,12,9,21,-8,11,77,2,1,1,0,1,40,32
Alexis Lafreniere,NYR,LW,56,12,9,21,-7,8,67,4,0,0,0,0,43,11
Oliver Wahlstrom,NYI,RW,44,12,9,21,2,21,94,1,4,6,0,0,57,14
Valeri Nichushkin,COL,LW,55,10,11,21,9,4,98,4,0,1,1,0,65,28
Kyle Palmieri,NYI,RW,51,10,11,21,-5,20,115,2,2,4,1,0,62,12
Elias Pettersson,VAN,C,26,10,11,21,0,6,63,1,4,1,0,1,11,9
Pierre-Luc Dubois,WPG,C,46,9,12,21,-8,38,76,3,1,5,0,0,59,26
Corey Perry,TB,RW,49,9,12,21,-4,39,62,1,1,6,0,0,56,15
Erik Haula,BOS,C,51,9,12,21,4,14,85,2,1,2,2,0,63,23
Jaden Schwartz,SEA,LW,40,8,13,21,2,20,71,1,1,2,0,0,40,26
Kailer Yamamoto,EDM,LW,52,8,13,21,9,26,69,0,1,1,0,1,52,40
Matt Dumba,MIN,D,51,6,15,21,1,46,89,1,1,4,0,0,74,75
Tyler Myers,VAN,D,55,6,15,21,-8,51,109,3,0,3,1,1,61,74
Rasmus Andersson,CGY,D,56,5,16,21,-9,34,96,0,1,5,0,0,49,68
Josh Morrissey,WPG,D,56,4,17,21,-1,25,116,0,1,8,0,0,78,86
Damon Severson,NJ,D,56,3,18,21,-8,29,91,0,0,4,0,1,57,50
Evgenii Dadonov,VGK,RW,55,13,7,20,-9,4,89,3,0,1,0,0,38,26
Daniel Sprong,SEA,RW,42,13,7,20,7,12,74,3,0,0,0,0,28,1
Adam Erne,DET,RW,45,11,9,20,-1,26,71,0,3,3,0,0,82,16
Warren Foegele,EDM,LW,53,10,10,20,4,20,91,1,0,0,0,0,60,12
Scott Laughton,PHI,C,53,9,11,20,13,39,89,1,0,0,1,0,141,34
Shayne Gostisbehere,ARI,D,41,9,11,20,-2,6,85,0,5,4,0,0,18,47
Derick Brassard,EDM,C,53,8,12,20,-10,12,67,1,4,2,0,0,80,5
Travis Zajac,FA,C,46,8,12,20,-1,6,50,2,0,1,0,0,51,22
Troy Terry,ANH,C,48,7,13,20,-1,18,69,0,0,0,0,0,5,13
Nick Foligno,BOS,LW,49,7,13,20,2,32,81,0,1,1,0,3,133,37
Zach Werenski,CLS,D,35,7,13,20,-9,13,79,1,0,5,0,0,21,39
Ryan Donato,SEA,C,50,6,14,20,-11,10,104,1,2,4,0,0,50,21
Barclay Goodrow,NYR,LW,55,6,14,20,16,52,72,1,0,0,0,0,111,27
Vince Dunn,SEA,D,43,6,14,20,-8,18,73,0,2,5,0,0,36,51
Jesperi Kotkaniemi,CAR,LW,56,5,15,20,-1,12,87,1,0,4,0,0,84,27
Joe Thornton,FLA,C,44,5,15,20,6,14,42,0,0,5,0,0,32,10
Matt Grzelcyk,BOS,D,37,5,15,20,11,22,80,1,1,6,0,0,19,34
Nick Paul,TB,LW,56,5,15,20,5,19,105,0,0,2,1,3,74,35
Justin Holl,TOR,D,55,2,18,20,16,25,57,1,0,0,0,1,82,84
Anders Lee,NYI,C,27,12,7,19,11,12,80,3,3,1,0,0,39,13
Mathieu Joseph,OTT,RW,56,12,7,19,3,10,59,2,1,1,0,0,82,15
Luke Kunin,NSH,C,38,10,9,19,3,13,71,2,0,0,0,0,84,20
Mathieu Perreault,MON,C,56,9,10,19,6,16,57,0,2,2,0,0,84,18
Chris Tierney,OTT,C,55,6,13,19,-12,8,53,3,0,0,0,1,23,32
Shea Weber,MON,D,48,6,13,19,-4,33,104,1,4,7,0,0,70,68
Jesper Fast,CAR,RW,46,6,13,19,-4,14,38,1,1,3,0,0,78,23
Filip Zadina,DET,RW,49,6,13,19,-4,0,97,1,3,3,0,0,22,22
P.K. Subban,NJ,D,44,5,14,19,-16,26,99,0,2,3,0,0,41,46
Ryan Suter,DAL,D,56,3,16,19,9,12,86,0,1,5,0,0,38,65
Brenden Dillon,WPG,D,56,2,17,19,15,49,51,0,0,1,0,1,143,61
Robby Fabbri,DET,LW,30,10,8,18,3,16,58,5,0,2,0,0,34,17
Colin White,OTT,C,45,10,8,18,-6,16,69,0,2,2,0,0,58,18
J.T. Compher,COL,C,48,10,8,18,10,19,47,2,1,1,0,0,32,38
Tanner Pearson,VAN,LW,51,10,8,18,-15,26,110,2,2,1,0,1,54,28
Jason Zucker,PIT,LW,38,9,9,18,-8,21,67,1,1,3,0,0,69,15
Tomas Nosek,BOS,LW,38,8,10,18,7,10,59,2,0,1,0,0,51,18
Eric Robinson,CLS,LW,56,8,10,18,6,4,75,2,0,0,1,0,94,16
Owen Tippett,PHI,RW,45,7,11,18,-5,6,86,2,2,1,0,0,59,5
Zach Parise,NYI,LW,45,7,11,18,7,6,90,3,0,2,0,0,18,20
Brandon Montour,FLA,D,50,7,11,18,-5,40,94,0,0,1,2,0,54,62
Garnet Hathaway,WAS,RW,56,6,12,18,7,66,62,0,0,0,0,1,179,30
Sean Walker,LA,D,47,5,13,18,-13,18,92,0,0,1,0,0,43,72
Nick Cousins,NSH,C,52,5,13,18,4,41,60,1,0,4,0,0,48,16
Ryan Ellis,PHI,D,35,5,13,18,1,10,75,0,2,2,0,0,21,63
Erik Cernak,TB,D,46,5,13,18,8,38,85,0,0,0,0,0,98,46
Rasmus Ristolainen,PHI,D,49,4,14,18,-18,36,73,0,1,6,0,0,193,68
Patrick Maroon,TB,LW,55,4,14,18,2,60,46,0,2,2,0,0,75,6
Jack Eichel,VGK,C,21,2,16,18,-9,6,61,1,1,8,0,0,20,15
Nico Sturm,COL,C,50,11,6,17,10,17,64,2,0,0,0,0,48,26
Kaapo Kakko,NYR,RW,48,9,8,17,3,10,81,0,2,1,0,0,14,16
Dylan Strome,CHI,C,40,9,8,17,-16,14,71,1,4,3,0,0,8,19
Vladislav Namestnikov,DAL,C,53,8,9,17,-5,24,87,0,0,0,0,0,71,35
Boone Jenner,CLS,LW,41,8,9,17,-9,6,79,0,1,0,1,0,76,53
Rudolfs Balcers,SJ,LW,41,8,9,17,-6,16,66,2,0,1,0,0,81,29
Tyson Jost,MIN,C,54,7,10,17,14,24,92,1,0,0,0,0,45,19
Ilya Mikheyev,TOR,RW,54,7,10,17,5,6,107,2,0,0,0,1,49,28
Carl Soderberg,FA,C,45,7,10,17,-5,18,61,1,4,1,0,1,66,36
Nick Bjugstad,MIN,C,44,6,11,17,7,17,78,3,0,1,0,0,48,22
Nicolas Hague,VGK,D,52,5,12,17,14,31,78,0,0,0,0,0,94,65
Ryan Getzlaf,ANH,C,48,5,12,17,-14,43,70,1,3,1,0,0,66,46
Tyler Bozak,STL,C,31,5,12,17,-3,10,35,0,1,3,2,1,17,20
Gustav Forsling,FLA,D,43,5,12,17,17,8,94,0,1,3,0,0,30,42
Cody Ceci,EDM,D,53,4,13,17,18,10,58,1,0,0,0,0,74,70
Nikita Zaitsev,OTT,D,55,4,13,17,-13,26,70,1,0,0,0,1,114,110
Ryan Pulock,NYI,D,56,2,15,17,15,8,121,1,0,1,0,0,97,106
Mario Ferraro,SJ,D,56,1,16,17,-6,22,58,0,0,4,0,0,155,96
Carson Soucy,SEA,D,50,1,16,17,22,51,47,1,0,0,0,0,62,49
Zach Sanford,WPG,LW,52,10,6,16,-13,25,67,3,3,0,1,1,69,44
Alex Chiasson,VAN,RW,45,9,7,16,-10,33,65,1,5,2,0,0,40,7
Jakob Silfverberg,ANH,RW,47,8,8,16,-17,18,91,0,2,1,1,0,19,26
Philipp Kurashev,CHI,LW,54,8,8,16,-9,12,65,1,2,3,0,0,32,18
Brandon Tanev,SEA,LW,32,7,9,16,12,22,43,0,0,0,1,1,139,33
Charlie Coyle,BOS,C,51,6,10,16,-4,20,79,2,0,2,1,0,57,24
Carl Hagelin,WAS,LW,56,6,10,16,7,19,85,0,0,0,1,0,22,19
Paul Byron,MON,C,46,5,11,16,5,12,44,1,0,0,1,0,116,22
Mike Matheson,PIT,D,44,5,11,16,9,28,86,1,0,1,0,0,41,40
Esa Lindell,DAL,D,56,5,11,16,11,19,100,0,0,2,1,0,114,104
Adam Boqvist,CLS,D,35,2,14,16,-7,14,39,0,1,7,0,0,29,29
Ryan Lindgren,NYR,D,51,1,15,16,20,35,65,0,0,0,0,1,98,50
Nic Dowd,WAS,C,56,11,4,15,4,31,68,3,0,0,0,0,109,40
Dominik Kahun,FA,C,48,9,6,15,-3,2,69,2,0,1,0,0,13,12
Michael McLeod,NJ,C,52,9,6,15,-12,42,60,2,0,0,0,0,89,20
Zach Aston-Reese,ANH,C,45,9,6,15,10,15,79,0,0,0,1,0,95,24
Sammy Blais,NYR,LW,36,8,7,15,0,12,31,2,0,0,0,0,103,10
Colton Sissons,NSH,RW,54,8,7,15,2,18,58,0,0,0,1,1,74,27
Sam Gagner,DET,C,42,7,8,15,-4,15,88,1,1,0,0,0,5,14
Jason Dickinson,VAN,C,51,7,8,15,-2,18,66,2,0,1,0,0,78,49
William Carrier,VGK,LW,52,6,9,15,0,16,65,0,0,0,0,0,131,13
Luke Glendening,DAL,C,54,6,9,15,3,20,67,1,0,0,0,0,68,57
Valtteri Filppula,FA,C,38,6,9,15,-1,12,25,1,0,0,0,0,9,15
Derek Grant,ANH,C,46,6,9,15,-4,25,66,1,0,0,1,0,65,40
Nicolas Roy,VGK,C,50,6,9,15,9,14,52,1,0,0,0,0,50,23
Teuvo Teravainen,CAR,C,21,5,10,15,5,4,49,2,0,2,0,0,8,9
Nate Schmidt,WPG,D,54,5,10,15,-7,4,76,1,0,0,0,1,15,72
Noah Hanifin,CGY,D,47,4,11,15,-2,18,89,1,0,3,0,0,28,40
Duncan Keith,EDM,D,54,4,11,15,-13,30,110,1,1,5,0,0,33,91
Alexandre Texier,CLS,C,49,4,11,15,-13,22,75,0,0,0,0,0,49,19
Connor Murphy,CHI,D,50,3,12,15,1,35,78,1,1,0,0,1,102,123
Jaccob Slavin,CAR,D,52,3,12,15,22,2,101,0,0,1,0,1,35,87
Travis Sanheim,PHI,D,55,3,12,15,-22,23,100,1,0,0,0,0,48,73
Ryan Graves,NJ,D,54,2,13,15,15,55,101,0,0,0,0,0,77,91
Kevin Shattenkirk,ANH,D,55,2,13,15,-8,28,93,0,1,4,0,0,57,58
Scott Mayfield,NYI,D,56,2,13,15,2,38,79,0,0,0,0,0,76,108
Oskar Lindblom,PHI,LW,50,8,6,14,-9,9,58,1,0,0,0,0,43,24
Johan Larsson,WAS,C,52,8,6,14,-13,24,58,2,0,0,0,0,77,34
Kevin Rooney,NYR,C,54,8,6,14,0,54,62,0,0,0,2,0,110,35
Tage Thompson,BUF,RW,38,8,6,14,-6,17,96,0,2,1,0,0,25,8
Joel Armia,MON,RW,41,7,7,14,10,10,73,0,1,0,1,1,86,13
Jeff Skinner,BUF,LW,53,7,7,14,-11,14,111,0,1,0,0,0,20,12
Bobby Ryan,FA,RW,33,7,7,14,-14,27,73,0,1,2,0,0,31,17
Casey Cizikas,NYI,C,56,7,7,14,-2,27,72,3,0,0,0,0,112,25
Evan Rodrigues,PIT,C,35,7,7,14,-3,6,65,1,2,0,0,0,21,10
Danton Heinen,PIT,C,43,7,7,14,-9,0,76,1,1,0,0,0,32,30
Radek Faksa,DAL,C,55,6,8,14,-15,30,94,0,1,1,1,0,100,45
Marcus Johansson,WAS,LW,36,6,8,14,-10,4,46,3,2,4,0,0,12,12
Jamie Oleksiak,SEA,D,56,6,8,14,-3,35,84,2,0,0,0,0,148,88
Jake DeBrusk,BOS,LW,41,5,9,14,1,6,92,1,2,1,0,0,33,20
Adam Pelech,NYI,D,56,4,10,14,15,18,82,0,0,0,1,1,66,73
Brian Dumoulin,PIT,D,41,4,10,14,18,12,50,0,0,0,0,1,63,55
Blake Comeau,DAL,LW,51,4,10,14,-13,37,76,0,0,0,0,2,106,18
Vladimir Tarasenko,STL,RW,24,4,10,14,-7,0,65,0,2,4,0,0,30,15
Noah Dobson,NYI,D,46,3,11,14,1,8,69,0,0,5,0,0,40,59
Artem Zub,OTT,D,47,3,11,14,4,26,39,1,0,0,0,0,89,70
Nick Jensen,WAS,D,53,2,12,14,5,14,60,0,0,0,0,0,56,65
T.J. Brodie,TOR,D,56,1,13,14,23,12,48,0,0,3,0,0,34,84
Ryan Murray,COL,D,48,0,14,14,3,8,29,0,0,0,0,0,38,73
Michael Bunting,TOR,LW,21,10,3,13,-1,12,38,1,3,0,0,0,28,1
Rocco Grimaldi,NSH,C,40,10,3,13,-3,4,62,2,0,0,1,0,20,9
Brock McGinn,PIT,LW,37,8,5,13,0,6,58,1,0,0,1,0,44,12
Ryan Dzingel,SJ,C,40,8,5,13,-5,21,48,0,2,1,0,0,44,10
Alexander Volkov,FA,LW,37,7,6,13,1,6,35,0,0,1,0,0,36,26
Josh Archibald,EDM,RW,52,7,6,13,2,37,62,0,0,0,0,0,192,35
Artturi Lehkonen,COL,LW,47,7,6,13,-2,6,78,0,0,0,2,1,85,23
Curtis Lazar,BOS,C,50,7,6,13,-6,6,55,1,0,0,0,0,99,22
Matt Duchene,NSH,C,34,6,7,13,-12,6,73,0,1,2,0,0,30,10
Eric Staal,FA,C,53,5,8,13,-30,10,82,1,1,2,0,0,23,15
Alex Galchenyuk,ARI,RW,34,5,8,13,-8,20,62,0,1,0,0,0,44,10
Lawson Crouse,ARI,LW,51,4,9,13,-10,46,70,0,0,2,0,0,155,30
Jordan Martinook,CAR,LW,44,4,9,13,-3,25,62,1,0,0,0,1,90,20
Richard Panik,NYI,RW,48,4,9,13,-9,18,59,0,1,0,0,0,70,21
Michael Del Zotto,OTT,D,53,4,9,13,5,8,77,0,0,0,0,0,125,54
Riley Sheahan,SEA,C,53,4,9,13,-8,8,44,0,0,0,1,0,17,15
Dylan Cozens,BUF,C,41,4,9,13,-15,16,62,0,1,0,0,0,30,11
Trevor Zegras,ANH,C,24,3,10,13,6,12,53,0,0,0,0,0,7,4
John Leonard,SJ,C,44,3,10,13,-7,2,60,0,1,0,0,0,25,17
John Marino,PIT,D,52,3,10,13,5,8,56,1,1,3,0,1,48,50
Keegan Kolesar,VGK,RW,44,3,10,13,-4,30,46,0,0,0,0,0,107,15
Joel Edmundson,MON,D,55,3,10,13,28,25,77,0,0,0,0,0,98,75
Jake Evans,MON,LW,47,3,10,13,2,29,55,0,0,0,1,1,79,26
Derek Ryan,EDM,C,43,2,11,13,6,16,37,0,0,0,0,0,13,21
Kyle Okposo,BUF,RW,35,2,11,13,-1,0,45,0,0,0,1,1,29,14
Erik Brannstrom,OTT,D,30,2,11,13,3,25,42,0,1,2,0,0,26,18
Ross Colton,TB,LW,30,9,3,12,3,16,46,4,0,0,0,0,36,6
Brandon Sutter,VAN,C,43,9,3,12,-9,2,65,0,0,0,2,0,18,28
Pierre Engvall,TOR,LW,42,7,5,12,2,16,61,1,0,0,0,0,43,12
Sam Steel,ANH,C,42,6,6,12,-7,8,42,0,0,0,0,0,41,19
K'Andre Miller,NYR,D,53,5,7,12,9,20,62,1,0,1,0,1,93,77
Dylan Gambrell,OTT,C,49,5,7,12,-18,13,48,1,0,0,1,0,77,54
Ivan Barbashev,STL,LW,38,5,7,12,5,6,43,1,1,0,0,0,49,15
Danny DeKeyser,DET,D,47,4,8,12,3,18,43,0,0,0,0,0,44,81
Colin Miller,BUF,D,48,4,8,12,-20,27,64,0,1,3,0,0,91,51
Vinnie Hinostroza,BUF,RW,26,4,8,12,0,8,33,0,0,0,0,0,37,3
Mikhail Grigorenko,FA,C,32,4,8,12,-2,6,36,1,0,0,0,0,14,17
Ryan McDonagh,TB,D,50,4,8,12,13,14,85,0,0,0,0,0,69,96
Alexander Radulov,DAL,RW,11,4,8,12,9,6,25,0,1,5,0,0,4,5
Michael Rasmussen,DET,C,40,3,9,12,-5,26,62,1,0,2,0,0,72,28
Robert Thomas,STL,C,33,3,9,12,1,10,22,1,0,0,0,0,5,11
Nicolas Aube-Kubel,COL,C,50,3,9,12,-3,44,53,0,0,0,0,0,120,16
Colton Parayko,STL,D,32,2,10,12,-2,14,60,0,0,0,0,0,35,64
Jacob Trouba,NYR,D,38,2,10,12,3,22,70,1,0,1,0,0,111,84
Derek Forbort,BOS,D,56,2,10,12,1,35,67,0,0,0,0,0,80,115
Chris Tanev,CGY,D,56,2,10,12,15,6,66,0,0,0,0,0,33,107
Dante Fabbro,NSH,D,40,2,10,12,-1,23,59,1,1,1,0,0,32,57
Vladislav Gavrikov,CLS,D,55,2,10,12,-13,14,48,1,0,0,0,0,69,77
Zach Whitecloud,VGK,D,51,2,10,12,9,24,54,1,0,0,0,0,85,75
Jake Bean,CLS,D,42,1,11,12,-2,10,55,0,1,4,0,0,17,21
David Kampf,TOR,RW,56,1,11,12,-3,20,63,0,0,0,0,0,45,14
Erik Gustafsson,CHI,D,29,1,11,12,-1,0,33,0,0,5,0,0,21,21
Pierre-Edouard Bellemare,TB,C,53,9,2,11,6,21,60,0,0,0,0,0,26,36
Jaret Anderson-Dolan,LA,C,34,7,4,11,-9,6,37,2,1,0,0,0,52,20
Max Jones,ANH,LW,46,7,4,11,-9,36,77,1,2,1,0,0,100,11
Rasmus Asplund,BUF,C,28,7,4,11,1,0,34,2,0,0,0,0,15,3
Matt Martin,NYI,LW,54,6,5,11,-2,36,68,0,1,1,0,0,181,23
Tyler Pitlick,MON,C,38,6,5,11,-1,16,56,0,0,1,1,0,81,41
Nico Hischier,NJ,C,21,6,5,11,-9,4,44,0,3,1,1,0,11,20
Carl Grundstrom,LA,LW,47,6,5,11,-10,16,66,3,0,2,0,0,104,23
Joel Kiviranta,DAL,RW,26,6,5,11,3,6,31,0,1,0,0,0,40,11
Adam Gaudette,OTT,C,40,5,6,11,-15,12,66,0,0,3,0,0,16,22
Andrew Cogliano,COL,LW,54,5,6,11,-8,24,88,0,0,0,1,0,79,24
Andreas Johnsson,NJ,LW,50,5,6,11,-1,12,65,0,1,0,0,0,39,17
Yakov Trenin,NSH,C,45,5,6,11,4,22,62,0,0,0,0,0,94,21
Anders Bjork,BUF,LW,45,5,6,11,-13,14,41,0,0,0,0,1,48,13
Brendan Lemieux,LA,LW,49,4,7,11,-2,73,50,1,0,0,0,0,109,26
Noel Acciari,FLA,C,41,4,7,11,0,9,68,1,1,2,0,1,91,63
Michael Raffl,DAL,LW,44,4,7,11,-4,33,50,3,0,0,0,0,71,28
Mark Jankowski,BUF,C,45,4,7,11,4,6,35,0,0,0,0,0,35,21
Cal Clutterbuck,NYI,RW,50,4,7,11,-5,10,50,1,0,0,1,0,191,23
Troy Stecher,LA,D,44,3,8,11,-13,12,55,0,0,0,0,0,33,46
Jujhar Khaira,CHI,C,40,3,8,11,-1,42,41,2,0,0,0,0,151,21
Christian Fischer,ARI,RW,52,3,8,11,-10,6,47,0,0,1,0,0,148,27
Christian Djoos,FA,D,36,2,9,11,-13,14,39,0,1,3,0,0,10,26
Radko Gudas,FLA,D,54,2,9,11,6,40,84,1,0,0,0,0,250,72
Juuso Valimaki,CGY,D,49,2,9,11,-2,26,72,0,0,0,0,0,28,60
Mikey Anderson,LA,D,54,1,10,11,0,30,52,1,0,0,0,2,66,74
Philippe Myers,NSH,D,44,1,10,11,-10,22,77,0,0,0,0,0,69,40
Will Butcher,BUF,D,23,1,10,11,-3,2,37,0,0,2,0,0,7,28
Jordan Oesterle,DET,D,43,1,10,11,-10,10,38,0,1,3,0,0,45,64
Travis Boyd,ARI,C,39,5,5,10,-5,2,23,0,1,0,0,0,18,15
Nicolas Deslauriers,MIN,LW,49,5,5,10,-7,53,65,2,0,0,0,0,136,20
James Neal,STL,RW,29,5,5,10,-2,11,51,0,1,2,0,0,26,6
Trevor Lewis,CGY,C,56,5,5,10,7,2,68,1,0,0,2,0,71,22
Brendan Smith,CAR,D,48,5,5,10,3,73,58,0,0,0,0,0,84,41
Colton Sceviour,EDM,RW,46,5,5,10,0,2,53,0,0,0,0,0,64,28
Jimmy Vesey,NJ,LW,50,5,5,10,-14,10,58,1,0,0,0,1,38,19
Kevin Stenlund,CLS,C,32,5,5,10,-4,8,42,1,0,1,0,0,17,13
Nikita Gusev,FA,LW,31,4,6,10,-12,2,72,0,0,2,0,0,4,1
Adam Larsson,SEA,D,56,4,6,10,2,24,52,0,0,0,0,0,166,128
Cody Glass,NSH,C,27,4,6,10,6,8,28,0,4,1,0,0,10,9
Blake Lizotte,LA,LW,41,3,7,10,2,16,42,0,0,0,0,0,32,21
Drake Caggiula,BUF,LW,38,3,7,10,-6,19,46,0,0,0,0,0,64,9
Nathan Bastian,NJ,RW,41,3,7,10,0,21,46,0,0,0,0,0,136,25
Austin Watson,OTT,LW,34,3,7,10,-7,40,41,0,0,0,0,1,100,49
Patrik Nemeth,NYR,D,52,3,7,10,5,20,53,0,0,0,0,0,87,67
Marc Staal,DET,D,56,3,7,10,-5,20,53,0,0,0,0,0,58,45
Travis Hamonic,OTT,D,38,3,7,10,-3,39,79,0,0,0,0,0,48,81
Brady Skjei,CAR,D,52,3,7,10,6,30,104,1,0,0,0,1,66,62
Tanner Kero,DAL,LW,39,3,7,10,0,6,39,2,0,2,0,0,31,14
Nicholas Merkley,NYR,C,27,2,8,10,-5,7,38,0,0,1,0,0,28,5
Frederick Gaudreau,MIN,C,19,2,8,10,10,2,20,0,0,0,0,1,9,9
Zdeno Chara,NYI,D,55,2,8,10,5,44,67,0,0,0,0,0,88,67
Mason Marchment,FLA,LW,33,2,8,10,4,18,50,0,0,0,0,0,73,8
Matt Roy,LA,D,44,2,8,10,0,8,57,0,0,1,0,1,61,67
Nikolai Knyzhov,SJ,D,56,2,8,10,-9,39,51,1,0,0,0,0,84,54
Kirby Dach,CHI,C,18,2,8,10,-3,4,26,0,1,0,0,0,7,12
Jordie Benn,MIN,D,39,1,9,10,7,9,45,0,0,0,0,0,19,51
Calvin de Haan,CHI,D,44,1,9,10,-16,14,58,1,0,1,0,0,99,85
Markus Nutivaara,FLA,D,30,0,10,10,1,12,45,0,0,0,0,0,35,13
Wayne Simmonds,TOR,RW,38,7,2,9,-3,45,62,0,3,0,0,0,64,15
Tyler Motte,NYR,C,24,6,3,9,0,14,40,1,0,0,0,0,100,28
Josh Leivo,CAR,LW,38,6,3,9,-3,10,50,2,0,0,0,0,33,2
Mikhail Maltsev,COL,C,33,6,3,9,-4,4,55,0,0,0,0,0,26,8
Isac Lundestrom,ANH,LW,41,6,3,9,-9,14,52,0,0,0,0,0,16,19
Devin Shore,EDM,C,38,5,4,9,-4,6,27,1,0,0,1,0,73,26
Oskar Sundqvist,DET,C,28,4,5,9,-6,14,32,0,1,2,0,0,50,25
Patrick Marleau,FA,LW,56,4,5,9,-9,10,54,0,2,0,0,0,40,19
Sean Kuraly,CLS,C,47,4,5,9,-10,20,88,2,0,0,0,1,99,21
Nolan Patrick,VGK,C,52,4,5,9,-30,20,49,0,2,1,0,0,45,18
Wyatt Kalynuk,CHI,D,21,4,5,9,-6,4,26,0,0,0,0,0,25,21
Morgan Geekie,SEA,C,36,3,6,9,1,10,30,0,2,0,0,0,28,6
Anton Stralman,ARI,D,38,3,6,9,-1,8,38,0,0,0,0,0,37,30
Tyler Ennis,OTT,LW,30,3,6,9,0,6,38,2,0,0,0,0,43,6
Marco Scandella,STL,D,49,3,6,9,14,24,55,1,0,0,0,1,60,64
Marcus Pettersson,PIT,D,47,2,7,9,8,22,46,0,0,0,0,0,51,39
Artem Anisimov,FA,C,19,2,7,9,1,2,30,0,1,0,0,0,9,9
Jacob Bryson,BUF,D,38,1,8,9,-1,12,24,0,0,1,0,2,32,43
Jacob MacDonald,COL,D,33,1,8,9,14,8,49,0,0,0,0,0,38,31
Jakub Zboril,BOS,D,42,0,9,9,0,18,35,0,0,2,0,0,63,33
Kris Russell,EDM,D,35,0,9,9,0,8,41,0,0,0,0,0,41,75
Dylan DeMelo,WPG,D,52,0,9,9,10,20,44,0,0,0,0,1,76,58
Cedric Paquette,MON,C,47,4,4,8,-12,21,33,0,0,0,0,0,136,26
Brett Ritchie,CGY,RW,32,4,4,8,-5,24,36,0,0,0,0,0,97,6
Austin Wagner,LA,LW,44,4,4,8,-14,15,67,1,0,0,0,0,97,10
Eetu Luostarinen,FLA,LW,44,3,5,8,-11,12,34,1,0,0,0,0,55,25
Henri Jokiharju,BUF,D,46,3,5,8,-11,4,50,0,0,0,0,0,47,53
Alexander Barabanov,SJ,RW,22,3,5,8,1,6,23,1,1,0,0,0,7,14
Dryden Hunt,NYR,LW,26,3,5,8,-6,4,39,0,0,0,0,0,94,5
Jamie Drysdale,ANH,D,24,3,5,8,-12,6,28,0,0,1,0,0,7,23
Darren Helm,COL,C,47,3,5,8,-3,10,83,0,0,0,0,0,39,20
Evgeny Svechnikov,WPG,LW,21,3,5,8,-3,10,21,1,1,1,0,0,20,6
Brett Kulak,EDM,D,46,2,6,8,3,20,57,0,0,0,0,0,28,54
Brayden McNabb,VGK,D,41,2,6,8,10,16,39,0,0,0,0,0,98,76
Julien Gauthier,NYR,RW,30,2,6,8,-6,14,38,0,0,0,0,0,56,9
Steven Lorentz,CAR,C,45,2,6,8,1,8,40,1,0,0,0,0,47,16
Ethan Bear,CAR,D,43,2,6,8,-1,14,53,1,0,0,0,0,31,55
Ian Cole,CAR,D,54,1,7,8,21,32,30,1,0,0,0,0,38,94
Nikita Zadorov,CGY,D,55,1,7,8,1,36,52,0,0,0,0,0,190,74
Leo Komarov,FA,LW,33,1,7,8,7,15,27,1,0,0,0,1,83,11
Phil Di Giuseppe,VAN,LW,31,1,7,8,2,13,44,0,0,0,0,0,78,16
Jeremy Lauzon,NSH,D,41,1,7,8,8,40,48,0,0,0,0,1,98,53
Joel Hanley,DAL,D,35,0,8,8,6,2,27,0,0,0,0,0,40,30
Jake Gardiner,CAR,D,26,0,8,8,-1,11,23,0,0,3,0,0,15,15
Alexander Edler,LA,D,52,0,8,8,-8,58,99,0,0,0,0,0,80,118
Jan Rutta,TB,D,35,0,8,8,12,22,46,0,0,0,0,2,30,32
Tanner Jeannot,NSH,LW,15,5,2,7,6,2,23,0,0,0,1,1,53,7
Matt Nieto,SJ,LW,28,5,2,7,-4,4,45,0,0,0,0,0,25,19
Tobias Rieder,FA,RW,44,5,2,7,-9,2,63,0,0,0,0,0,21,34
Tyler Bertuzzi,DET,LW,9,5,2,7,0,4,20,1,3,1,0,0,13,3
Kyle Clifford,TOR,LW,50,4,3,7,-5,30,65,0,0,0,0,1,69,17
Wade Allison,PHI,RW,14,4,3,7,1,4,24,1,1,0,0,0,28,10
Jesper Boqvist,NJ,C,28,4,3,7,-5,2,34,1,0,0,0,0,15,10
Ian Mitchell,CHI,D,39,3,4,7,-10,14,23,0,0,0,0,0,18,37
Matthew Highmore,VAN,C,42,3,4,7,-5,8,40,1,0,0,0,0,43,21
Cody Eakin,BUF,C,46,3,4,7,-9,14,39,0,0,0,0,0,33,20
Riley Nash,TB,C,37,2,5,7,-1,4,40,1,0,0,0,0,33,21
Brett Howden,VGK,C,42,1,6,7,-2,11,33,0,0,0,0,1,57,35
Shane Pinto,OTT,C,12,1,6,7,6,10,11,0,0,0,0,0,11,9
Josh Manson,COL,D,23,1,6,7,-3,30,19,1,0,0,0,0,61,31
Ben Chiarot,FLA,D,41,1,6,7,-16,50,81,0,1,0,0,0,77,60
Joakim Nordstrom,FA,C,44,1,6,7,1,6,46,0,0,0,0,0,92,30
Connor Clifton,BOS,D,44,1,6,7,10,38,48,0,0,0,0,1,108,52
Jacob Larsson,ANH,D,46,1,6,7,-9,14,42,0,0,0,0,1,37,59
Ben Harpur,NSH,D,34,0,7,7,2,17,33,0,0,0,0,1,44,29
Conor Timmins,ARI,D,31,0,7,7,6,8,31,0,0,0,0,0,18,22
Arttu Ruotsalainen,BUF,C,17,5,1,6,-9,8,28,0,0,0,0,0,16,4
Noah Gregor,SJ,C,30,5,1,6,-16,6,60,0,0,0,0,0,47,19
Alex Formenton,OTT,LW,20,4,2,6,6,6,27,0,0,0,1,0,23,8
Lias Andersson,LA,LW,23,3,3,6,-4,12,23,0,0,0,0,0,8,9
Dylan Coghlan,VGK,D,29,3,3,6,-3,2,31,0,0,0,0,0,29,16
Brett Connolly,CHI,RW,31,3,3,6,3,4,26,0,0,1,0,0,44,8
Travis Dermott,VAN,D,51,2,4,6,-1,19,36,0,0,0,0,0,44,35
Hampus Lindholm,BOS,D,18,2,4,6,-1,16,29,0,0,1,0,0,9,19
Sam Carrick,ANH,C,13,2,4,6,4,28,23,0,0,1,0,0,29,3
Sami Vatanen,FA,D,39,2,4,6,3,20,55,0,0,0,0,0,27,49
Radim Simek,SJ,D,40,2,4,6,-9,15,26,0,0,0,0,0,76,49
Nicolas Beaudin,CHI,D,19,2,4,6,1,2,7,0,0,1,0,0,14,21
Alexander Romanov,MON,D,54,1,5,6,1,21,71,0,0,1,0,0,138,60
Tobias Bjornfot,LA,D,33,1,5,6,-3,14,30,0,0,0,0,0,28,34
David Savard,MON,D,54,1,5,6,-27,24,69,1,0,0,0,1,132,109
Justin Braun,NYR,D,53,1,5,6,0,18,59,0,0,0,0,0,78,73
Derek Stepan,CAR,C,20,1,5,6,-6,8,44,0,0,2,0,0,25,16
Marc-Edouard Vlasic,SJ,D,51,1,5,6,-8,8,37,0,0,0,0,0,40,64
Frans Nielsen,FA,C,29,1,5,6,-3,0,24,0,0,0,0,0,23,12
Sam Lafferty,CHI,RW,34,0,6,6,-6,25,33,0,0,0,0,0,89,11
Carter Rowney,DET,C,19,0,6,6,-2,2,10,0,0,0,0,0,45,21
Kale Clague,MON,D,18,0,6,6,-6,4,24,0,0,0,0,0,9,13
Mikko Lehtonen,FA,D,26,0,6,6,-2,8,33,0,0,1,0,0,30,15
Jake Virtanen,FA,LW,38,5,0,5,-4,41,50,1,1,0,0,0,83,12
Juho Lammikko,VAN,RW,44,4,1,5,-8,10,43,0,0,0,1,0,50,16
Ryan Carpenter,CGY,C,40,4,1,5,-10,19,51,0,1,0,1,0,78,17
Trent Frederic,BOS,C,42,4,1,5,-8,65,44,3,0,0,0,0,61,15
Adam Brooks,WPG,C,11,4,1,5,4,0,10,0,1,0,1,0,14,2
Cole Caufield,MON,RW,10,4,1,5,-1,2,30,2,0,0,0,0,3,0
Logan O'Connor,COL,C,22,3,2,5,6,6,37,0,0,0,0,0,29,12
Ty Dellandrea,DAL,C,26,3,2,5,0,23,31,0,2,1,0,0,47,10
Emil Bemstrom,CLS,C,20,3,2,5,2,0,28,0,1,0,0,0,15,8
Mathieu Olivier,NSH,RW,30,3,2,5,-1,70,25,0,1,0,0,0,62,19
Andrej Sekera,DAL,D,46,3,2,5,12,4,33,0,0,0,0,0,47,62
Jayce Hawryluk,FA,C,30,2,3,5,-7,9,18,1,0,0,0,0,43,11
John Hayden,BUF,C,29,2,3,5,-4,37,21,2,0,0,0,0,84,16
Robert Hagg,FLA,D,34,2,3,5,-3,18,29,0,0,0,0,0,100,31
Zack Kassian,EDM,RW,27,2,3,5,-4,15,18,0,0,0,0,0,73,3
Kyle Turris,EDM,C,27,2,3,5,-11,10,27,0,0,0,0,0,16,8
Nate Thompson,PHI,C,44,2,3,5,4,4,20,1,0,0,0,1,60,20
Chris Wagner,BOS,RW,41,2,3,5,-9,24,57,0,0,0,1,0,75,21
Steven Kampfer,FA,D,20,2,3,5,3,4,28,0,1,0,0,0,20,24
Evan Bouchard,EDM,D,14,2,3,5,-2,2,38,0,1,0,0,0,11,11
Pierre-Olivier Joseph,PIT,D,16,1,4,5,1,6,27,0,0,0,0,0,22,7
Victor Mete,OTT,D,28,1,4,5,8,8,20,0,0,0,0,0,19,35
Justin Dowling,VAN,C,27,1,4,5,-4,6,27,0,0,1,0,0,17,3
Marcus Sorensen,FA,RW,29,1,4,5,-5,16,26,0,0,0,0,0,22,11
Ryan Reaves,NYR,RW,37,1,4,5,0,27,26,0,0,0,0,0,141,15
Andy Greene,NYI,D,55,1,4,5,9,6,50,0,0,0,0,0,41,99
Jay Beagle,ARI,C,30,1,4,5,-2,8,21,0,0,0,0,0,34,8
Robert Bortuzzo,STL,D,40,1,4,5,-3,47,31,1,0,0,0,0,85,49
Ben Hutton,VGK,D,38,1,4,5,-13,11,54,0,0,0,0,0,44,39
Dean Kukan,CLS,D,35,1,4,5,-3,10,29,0,0,0,0,0,36,38
Niklas Hjalmarsson,FA,D,41,0,5,5,-6,18,29,0,0,0,0,0,15,69
Jon Merrill,MIN,D,49,0,5,5,-9,16,41,0,0,0,0,0,34,70
Tyler Graovac,FA,C,14,3,1,4,-3,6,17,0,1,0,0,0,13,5
Mark Pysyk,BUF,D,36,3,1,4,6,20,51,0,0,0,0,0,36,16
David Backes,FA,RW,15,3,1,4,-4,4,30,1,0,0,0,0,31,16
Brandon Carlo,BOS,D,27,3,1,4,1,12,43,1,0,0,0,0,38,35
Haydn Fleury,SEA,D,47,3,1,4,-12,8,62,0,0,0,0,0,63,55
Anthony Angello,PIT,C,19,2,2,4,4,8,19,0,1,0,0,0,51,2
Kurtis MacDermid,COL,D,28,2,2,4,-14,36,16,0,0,0,0,0,46,35
Michael Stone,CGY,D,21,2,2,4,-1,6,41,0,0,0,0,0,24,27
Luke Schenn,VAN,D,38,2,2,4,2,51,43,0,0,0,0,0,99,17
Jani Hakanpaa,DAL,D,57,2,2,4,4,35,54,1,0,0,0,1,215,83
Andrew Shaw,FA,C,14,2,2,4,-5,6,25,0,2,2,0,0,20,4
Radim Zohorna,PIT,RW,8,2,2,4,4,4,8,1,0,1,0,0,7,0
Vitali Kravtsov,NYR,RW,20,2,2,4,-6,4,23,0,0,0,0,0,7,6
Libor Hajek,NYR,D,44,2,2,4,2,10,33,1,0,0,0,0,26,48
Ryan Lomberg,FLA,LW,34,2,2,4,-2,67,47,0,0,0,0,0,90,10
Logan Stanley,WPG,D,37,1,3,4,13,26,63,0,0,0,0,0,49,31
Josh Mahura,ANH,D,13,1,3,4,0,4,14,0,0,0,0,0,10,9
Givani Smith,DET,LW,16,1,3,4,-5,21,20,1,0,0,0,0,28,4
Antoine Roussel,ARI,LW,35,1,3,4,4,37,28,0,0,0,0,1,63,18
Kevan Miller,FA,D,28,1,3,4,-1,20,27,0,0,0,0,0,64,37
Erik Gudbranson,CGY,D,45,1,3,4,-12,59,58,1,0,0,0,0,111,64
Anthony Bitetto,SJ,D,14,1,3,4,-8,20,12,0,0,1,0,0,21,10
Brad Richardson,VAN,C,17,1,3,4,0,4,18,1,0,0,0,0,14,9
Matt Benning,NSH,D,53,1,3,4,-1,30,43,0,0,0,0,1,55,53
Gabriel Carlsson,CLS,D,14,1,3,4,-6,4,14,0,0,1,0,0,11,12
Michael Dal Colle,NYI,LW,26,1,3,4,1,4,19,0,0,0,0,0,32,9
Olli Maatta,LA,D,41,0,4,4,-8,6,43,0,0,0,0,0,41,53
Dmitry Kulikov,MIN,D,48,0,4,4,-3,28,51,0,0,0,0,0,93,49
Jason Demers,FA,D,41,0,4,4,-4,26,44,0,0,0,0,0,69,30
Zach Bogosian,TB,D,45,0,4,4,7,49,36,0,0,0,0,0,67,31
Nikita Nesterov,FA,D,38,0,4,4,-10,20,33,0,0,0,0,0,41,29
Zac Jones,NYR,D,10,0,4,4,-2,2,12,0,0,1,0,0,8,8
Caleb Jones,CHI,D,33,0,4,4,-7,6,23,0,0,0,0,0,27,35
Grigori Denisenko,FLA,LW,7,0,4,4,1,2,6,0,0,0,0,0,15,2
Liam Foudy,CLS,C,24,0,4,4,0,6,40,0,0,0,0,0,13,5
Rasmus Sandin,TOR,D,9,0,4,4,6,0,9,0,0,0,0,0,11,7
Alex Barre-Boulet,TB,C,15,3,0,3,0,0,26,0,2,0,0,0,8,5
Kieffer Bellows,NYI,LW,14,3,0,3,0,4,19,1,0,0,0,0,36,5
Mark Friedman,PIT,D,9,2,1,3,1,9,9,0,0,0,0,0,14,7
Zac Dalpe,FLA,C,12,2,1,3,-2,0,22,0,0,0,0,0,11,8
Max McCormick,SEA,LW,12,2,1,3,3,9,5,0,0,0,0,0,16,2
Olli Juolevi,DET,D,23,2,1,3,-1,0,24,0,0,0,0,0,23,30
Gaetan Haas,FA,C,34,2,1,3,-6,10,24,1,0,0,0,0,31,29
Barrett Hayton,ARI,C,14,2,1,3,-1,0,10,0,0,0,0,0,15,3
Cal Foote,TB,D,35,1,2,3,9,29,40,0,0,0,0,0,39,29
Jack Rathbone,VAN,D,8,1,2,3,1,0,17,0,0,1,0,0,9,8
Jack Studnicka,BOS,C,20,1,2,3,-3,0,28,0,0,0,0,0,7,10
Alexandre Carrier,NSH,D,19,1,2,3,3,8,31,0,0,0,0,0,22,31
Niko Mikkola,STL,D,30,1,2,3,-11,11,22,0,0,0,0,0,49,36
Lane Pederson,SJ,C,15,1,2,3,-2,2,15,0,0,1,0,0,39,2
Dennis Cholowski,SEA,D,16,1,2,3,-1,4,10,0,0,0,0,0,5,18
Mike Hardman,CHI,RW,8,1,2,3,0,0,5,0,0,0,0,0,38,6
Connor Mackey,CGY,D,6,1,2,3,3,20,4,0,0,0,0,0,8,0
Steven Fogarty,BOS,C,9,1,2,3,2,8,5,0,0,0,0,0,4,10
Scott Harrington,CLS,D,12,1,2,3,-3,6,8,0,0,0,0,1,9,20
Nathan Gerbe,CLS,LW,9,1,2,3,0,2,9,0,0,0,0,1,8,2
Matt Tennyson,NSH,D,21,1,2,3,0,2,14,0,0,0,0,0,32,25
Jake McCabe,CHI,D,13,1,2,3,2,9,15,0,0,0,0,0,22,15
Trevor van Riemsdyk,WAS,D,20,1,2,3,-1,2,23,0,0,1,0,0,13,27
Clark Bishop,OTT,C,13,0,3,3,2,4,16,0,0,0,0,0,23,8
Michael Amadio,VGK,C,25,0,3,3,-3,4,24,0,0,1,0,0,8,16
Lucas Wallmark,FA,C,20,0,3,3,-4,6,11,0,0,2,0,1,25,6
Liam O'Brien,ARI,C,12,0,3,3,1,40,6,0,0,0,0,0,28,2
Gemel Smith,TB,C,5,0,3,3,3,11,0,0,0,0,0,0,6,1
Matt Calvert,FA,LW,18,0,3,3,-2,6,26,0,0,0,0,0,12,8
Alex Biega,NSH,D,13,0,3,3,-1,4,4,0,0,0,0,0,22,11
Greg Pateryn,ANH,D,13,0,3,3,0,6,13,0,0,0,0,0,17,17
Andrew Peeke,CLS,D,11,0,3,3,-4,4,5,0,0,0,0,0,35,15
Dan Renouf,DET,D,18,0,3,3,-1,16,12,0,0,0,0,0,20,3
Christian Wolanin,LA,D,18,0,3,3,-6,8,16,0,0,0,0,0,3,7
Kiefer Sherwood,COL,LW,16,0,3,3,2,0,18,0,0,0,0,0,40,6
Gustav Lindstrom,DET,D,13,0,3,3,1,0,8,0,0,0,0,0,14,17
Jordan Gross,COL,D,7,0,3,3,-3,2,10,0,0,0,0,0,6,8
Alex Newhook,COL,C,6,0,3,3,5,2,8,0,0,0,0,0,3,1
Dylan Sikura,COL,LW,6,2,0,2,0,0,8,0,0,0,0,0,3,1
Tyler Seguin,DAL,C,3,2,0,2,0,0,8,0,0,0,0,0,8,1
Joel L'Esperance,DAL,C,12,2,0,2,-2,2,8,1,0,0,0,0,16,0
Karson Kuhlman,SEA,C,20,2,0,2,-6,0,31,0,0,0,0,0,27,4
Jan Jenik,ARI,C,2,2,0,2,3,0,3,0,0,0,0,0,2,0
Victor Soderstrom,ARI,D,4,1,1,2,4,0,6,0,0,0,0,0,4,0
Joel Kellman,FA,C,7,1,1,2,-1,6,13,0,0,0,0,0,5,2
Aleksi Heponiemi,FLA,LW,9,1,1,2,1,2,15,1,0,0,0,0,0,1
Mackenzie Entwistle,CHI,RW,5,1,1,2,1,2,6,0,0,0,0,0,10,2
Marian Studenic,DAL,RW,8,1,1,2,-2,4,7,0,0,0,0,0,13,4
Ilya Lyubushkin,TOR,D,42,1,1,2,-13,10,36,0,0,0,0,0,103,72
Rhett Gardner,DAL,C,28,1,1,2,-9,8,23,0,0,0,0,0,52,11
Zack MacEwen,PHI,C,34,1,1,2,-2,44,31,0,0,0,0,0,65,9
Mathias Brome,FA,LW,26,1,1,2,-9,8,22,1,0,0,0,0,19,7
Nolan Foote,NJ,LW,6,1,1,2,-1,0,5,0,0,0,0,0,5,1
Nate Prosser,FA,D,6,1,1,2,-7,0,5,0,0,0,0,0,3,10
Mikko Koivu,FA,C,7,1,1,2,-2,2,3,0,0,0,0,0,10,1
Connor Carrick,SEA,D,11,1,1,2,-2,5,8,0,0,0,0,0,11,24
Mackenzie MacEachern,STL,LW,21,1,1,2,3,8,25,0,0,0,1,0,35,2
Jansen Harkins,WPG,C,26,1,1,2,-2,4,16,0,0,0,0,0,11,3
Jake Walman,DET,D,24,1,1,2,-7,8,47,0,0,0,0,0,26,20
William Lagesson,MON,D,19,0,2,2,0,9,11,0,0,0,0,0,15,14
Jayson Megna,COL,LW,7,0,2,2,2,0,12,0,0,0,0,0,14,3
Chad Ruhwedel,PIT,D,17,0,2,2,3,14,16,0,0,0,0,0,32,13
Carl Gunnarsson,FA,D,12,0,2,2,-2,6,6,0,0,0,0,0,9,16
John Moore,ANH,D,5,0,2,2,-3,2,8,0,0,1,0,0,9,6
Nick Holden,OTT,D,17,0,2,2,3,2,23,0,0,0,0,0,28,20
Thomas Hickey,NYI,D,5,0,2,2,5,0,2,0,0,0,0,0,10,3
Braydon Coburn,FA,D,19,0,2,2,-3,14,18,0,0,0,0,1,27,20
Michael Sgarbossa,WAS,LW,5,0,2,2,2,0,4,0,0,0,0,0,1,2
Matt Irwin,WAS,D,24,0,2,2,-10,19,27,0,0,0,0,0,56,43
Kyle Rau,MIN,C,14,0,2,2,-1,9,15,0,0,0,0,0,23,15
Andreas Borgman,FA,D,7,0,2,2,-2,4,7,0,0,0,0,0,10,3
Rem Pitlick,MON,C,10,0,2,2,3,4,11,0,0,0,0,0,8,1
Patrick Russell,FA,RW,8,0,2,2,0,0,12,0,0,0,0,0,13,0
Alex Chmelevski,SJ,C,5,0,2,2,-2,2,8,0,0,0,0,0,7,1
Urho Vaakanainen,ANH,D,9,0,2,2,-3,2,15,0,0,0,0,0,3,19
Kevin Bahl,NJ,D,7,0,2,2,0,0,5,0,0,0,0,0,18,6
Mattias Samuelsson,BUF,D,12,0,2,2,-8,4,10,0,0,0,0,0,20,10
Taro Hirose,DET,LW,6,0,2,2,2,0,10,0,0,0,0,0,1,2
Bowen Byram,COL,D,19,0,2,2,1,23,21,0,0,0,0,0,33,13
Joe Veleno,DET,C,5,1,0,1,0,4,8,0,1,0,0,0,7,4
Rasmus Kupari,LA,C,7,1,0,1,-5,2,8,0,0,0,0,0,7,3
Parker Kelly,OTT,C,1,1,0,1,1,0,1,0,0,0,0,0,4,0
Morgan Barron,WPG,LW,5,1,0,1,-1,2,3,0,0,0,0,0,12,2
Riley Stillman,CHI,D,21,1,0,1,5,16,29,0,0,0,0,0,51,29
Gavin Bayreuther,CLS,D,9,1,0,1,-1,7,16,0,0,0,0,0,12,4
Matt Luff,NSH,RW,13,1,0,1,-4,5,18,0,0,0,0,0,8,6
Joachim Blichfeld,SJ,LW,5,1,0,1,-2,12,3,0,0,0,0,0,2,2
Fredrik Handemark,FA,C,8,1,0,1,-3,2,5,0,0,0,0,0,14,1
Arthur Kaliyev,LA,RW,1,1,0,1,-1,0,1,0,0,0,0,0,0,1
Byron Froese,CGY,C,6,1,0,1,1,2,2,0,0,0,0,0,8,4
Greg McKegg,NYR,C,5,1,0,1,-3,2,4,0,0,0,0,0,7,1
Jack Johnson,COL,D,13,1,0,1,-5,8,13,0,0,0,0,0,30,15
Samuel Morin,PHI,LW,20,1,0,1,-7,37,14,1,0,0,0,0,38,13
Luke Johnson,WPG,C,14,1,0,1,-5,5,11,0,0,0,0,0,29,4
Jonny Brodzinski,NYR,RW,5,1,0,1,0,4,7,0,0,0,0,0,4,2
Nathan Walker,STL,C,8,1,0,1,-4,2,10,0,0,0,0,0,14,6
Slater Koekkoek,EDM,D,18,1,0,1,-7,2,17,0,0,0,0,0,10,31
Brad Hunt,VAN,D,12,1,0,1,-8,4,14,1,0,0,0,0,4,6
Stefan Matteau,COL,RW,18,1,0,1,-4,9,15,0,0,0,0,0,35,9
Dakota Joshua,STL,LW,12,1,0,1,-3,7,9,0,0,0,0,0,23,2
Anton Blidh,BOS,LW,10,1,0,1,-5,6,10,0,0,0,0,0,25,4
Daniel Carr,FA,LW,6,0,1,1,-2,2,5,0,0,0,0,0,10,4
Tony DeAngelo,CAR,D,6,0,1,1,-6,4,13,0,0,1,0,0,3,6
Mitchell Stephens,DET,C,7,0,1,1,-5,0,3,0,0,0,0,0,8,1
Oliver Kylington,CGY,D,8,0,1,1,-1,0,7,0,0,0,0,0,3,1
Nicolas Meloche,SJ,D,7,0,1,1,1,0,6,0,0,0,0,0,5,6
Dominic Toninato,WPG,LW,2,0,1,1,0,0,2,0,0,0,0,0,4,1
Ross Johnston,NYI,LW,12,0,1,1,-3,35,5,0,0,0,0,0,43,6
Tyler Lewington,BOS,D,2,0,1,1,4,9,4,0,0,0,0,0,1,4
Kyle Burroughs,VAN,D,5,0,1,1,1,5,3,0,0,0,0,0,10,2
Josh Brown,BOS,D,26,0,1,1,-1,30,8,0,0,0,0,0,71,40
Sean Malone,BUF,C,1,0,1,1,-1,2,1,0,0,0,0,0,0,0
Tucker Poolman,VAN,D,39,0,1,1,-2,2,50,0,0,0,0,0,69,49
Steve Santini,STL,D,3,0,1,1,1,0,9,0,0,0,0,0,12,2
Nicolas Petan,VAN,C,7,0,1,1,-2,4,8,0,0,0,0,0,6,2
Madison Bowey,VAN,D,2,0,1,1,1,0,0,0,0,0,0,0,4,1
Jacob De La Rose,FA,C,13,0,1,1,-2,7,13,0,0,0,0,0,22,8
Alex Belzile,MON,LW,2,0,1,1,-1,0,3,0,0,0,0,0,2,0
Erik Johnson,COL,D,4,0,1,1,2,2,5,0,0,0,0,0,7,5
Loui Eriksson,ARI,RW,7,0,1,1,-3,2,5,0,0,0,0,0,1,1
Mark Borowiecki,NSH,D,22,0,1,1,-2,38,18,0,0,0,0,0,54,37
Jarred Tinordi,NYR,D,21,0,1,1,-6,11,30,0,0,0,0,0,56,30
Kevin Connauton,PHI,D,7,0,1,1,4,7,5,0,0,0,0,0,12,3
Andrew Agozzino,OTT,LW,3,0,1,1,0,0,3,0,0,0,0,0,6,7
Tomas Jurco,FA,RW,8,0,1,1,0,0,11,0,0,0,0,0,4,2
Nathan Beaulieu,PIT,D,25,0,1,1,-5,20,26,0,0,0,0,0,39,30
Joseph Cramarossa,MIN,C,4,0,1,1,-1,15,3,0,0,0,0,0,10,1
Matthew Peca,STL,C,5,0,1,1,1,0,3,0,0,0,0,0,9,3
Nick Robertson,TOR,LW,6,0,1,1,1,0,9,0,0,0,0,0,3,2
Tyce Thompson,NJ,C,7,0,1,1,-3,0,4,0,0,0,0,0,5,2
Justin Richards,NYR,C,1,0,1,1,1,0,2,0,0,0,0,0,2,1
Drew O'Connor,PIT,C,10,0,1,1,-2,2,8,0,0,0,0,0,6,2
Quinton Byfield,LA,C,6,0,1,1,1,2,9,0,0,0,0,0,3,3
Jackson Cates,PHI,C,4,0,1,1,-3,0,7,0,0,0,0,0,0,0
Nick Caamano,DAL,RW,24,0,1,1,-7,17,33,0,0,0,0,0,41,8
Jeremy Davies,NSH,D,16,0,1,1,3,8,19,0,0,0,0,0,11,7
Klim Kostin,STL,RW,2,0,1,1,-1,0,0,0,0,0,0,0,9,0
Gerald Mayhew,ANH,C,4,0,1,1,1,0,5,0,0,1,0,0,7,4
Connor Bunnaman,FLA,C,18,0,1,1,-6,2,15,0,0,0,0,0,31,6
Lucas Carlsson,FLA,D,12,0,1,1,1,2,10,0,0,0,0,0,6,3
Tarmo Reunanen,CAR,D,4,0,1,1,1,0,5,0,0,0,0,0,4,5
Jalen Chatfield,CAR,D,18,0,1,1,-11,12,14,0,0,0,0,0,11,10
Christian Jaros,FA,D,7,0,1,1,-4,2,3,0,0,0,0,0,9,8
Kole Sherwood,NSH,C,6,0,1,1,-2,7,7,0,0,0,0,0,22,0
Glenn Gawdin,CGY,C,7,0,1,1,-1,0,1,0,0,0,0,0,12,1
Adam Ruzicka,CGY,C,3,0,1,1,2,4,3,0,0,0,0,0,1,0
Ivan Chekhovich,FA,LW,4,0,1,1,-3,0,5,0,0,0,0,0,0,2
Alex True,SEA,LW,7,0,1,1,1,6,7,0,0,0,0,0,4,5
Austin Strand,LA,D,13,0,1,1,2,8,11,0,0,0,0,0,14,15
Kristian Vesalainen,WPG,LW,12,0,1,1,0,0,5,0,0,0,0,0,8,5
Ryan McLeod,EDM,C,10,0,1,1,-2,0,3,0,0,0,0,0,3,5
Brogan Rafferty,ANH,D,1,0,1,1,-1,0,1,0,0,0,0,0,1,1
Peyton Krebs,BUF,C,4,0,1,1,1,0,1,0,0,0,0,0,4,1
Kevin Czuczman,MIN,D,2,0,0,0,-3,0,2,0,0,0,0,0,1,2
Patrick Brown,PHI,C,4,0,0,0,0,2,5,0,0,0,0,0,7,2
Josh Currie,FA,RW,1,0,0,0,0,0,0,0,0,0,0,0,0,0
Sonny Milano,ANH,LW,6,0,0,0,0,0,8,0,0,0,0,0,4,0
Ben Thomas,FA,D,5,0,0,0,1,0,3,0,0,0,0,0,4,4
Daniel Walcott,TB,D,1,0,0,0,-1,5,1,0,0,0,0,0,7,0
Chase De Leo,NJ,C,1,0,0,0,-2,0,1,0,0,0,0,0,1,0
Austin Poganski,WPG,RW,5,0,0,0,-1,0,0,0,0,0,0,0,8,2
Ryan MacInnis,BUF,C,16,0,0,0,-3,0,14,0,0,0,0,0,19,3
Louis Belpedio,MON,D,1,0,0,0,-1,0,2,0,0,0,0,0,3,1
Noah Juulsen,VAN,D,4,0,0,0,-3,0,5,0,0,0,0,0,9,4
Kyle Capobianco,ARI,D,2,0,0,0,-2,2,3,0,0,0,0,0,1,2
Guillaume Brisebois,VAN,D,1,0,0,0,0,0,0,0,0,0,0,0,0,3
Filip Chlapik,FA,C,1,0,0,0,1,0,1,0,0,0,0,0,1,0
A.J. Greer,NJ,LW,1,0,0,0,0,7,0,0,0,0,0,0,0,0
Jacob Middleton,MIN,D,1,0,0,0,-2,2,1,0,0,0,0,0,2,1
Ondrej Kase,TOR,RW,3,0,0,0,0,0,4,0,0,0,0,0,1,1
Austin Czarnik,NYI,C,4,0,0,0,-1,0,2,0,0,0,0,0,2,2
Zachary Senyshyn,OTT,RW,8,0,0,0,-1,2,10,0,0,0,0,0,11,1
Martin Frk,LA,RW,1,0,0,0,-1,0,0,0,0,0,0,0,1,0
Joakim Ryan,FA,D,4,0,0,0,-1,0,2,0,0,0,0,0,1,1
Buddy Robinson,ANH,RW,9,0,0,0,0,0,6,0,0,0,0,0,14,0
Jean-Sebastien Dea,MON,C,1,0,0,0,-1,2,2,0,0,0,0,0,0,0
Brian Pinho,WAS,C,2,0,0,0,-2,0,3,0,0,0,0,0,1,1
Hudson Fasching,ARI,RW,5,0,0,0,-3,0,7,0,0,0,0,0,6,1
Kurtis Gabriel,CHI,RW,11,0,0,0,1,55,4,0,0,0,0,0,46,10
Frederik Gauthier,NJ,C,2,0,0,0,0,2,1,0,0,0,0,0,1,1
Michael McCarron,NSH,C,6,0,0,0,1,16,3,0,0,0,0,0,12,0
Justin Bailey,VAN,RW,3,0,0,0,-2,2,6,0,0,0,0,0,2,0
Scott Sabourin,OTT,RW,1,0,0,0,0,5,0,0,0,0,0,0,3,0
Zac Rinaldo,CLS,C,4,0,0,0,-1,5,1,0,0,0,0,0,13,0
Micheal Haley,FA,LW,4,0,0,0,-1,5,0,0,0,0,0,0,10,0
Luca Sbisa,FA,D,1,0,0,0,0,0,0,0,0,0,0,0,3,2
Yannick Weber,FA,D,2,0,0,0,-3,0,1,0,0,0,0,0,4,0
Michael Frolik,FA,LW,8,0,0,0,-3,0,14,0,0,0,0,0,9,1
Michael Chaput,PIT,C,13,0,0,0,-7,10,3,0,0,0,0,0,19,8
Mark Alt,FA,D,2,0,0,0,0,2,3,0,0,0,0,0,2,1
Brandon Davidson,BUF,D,6,0,0,0,-4,4,7,0,0,0,0,0,14,5
Kenny Agostino,FA,LW,1,0,0,0,0,0,0,0,0,0,0,0,0,0
Brandon Pirri,FA,C,1,0,0,0,-2,0,2,0,0,0,0,0,0,0
Aaron Ness,FA,D,1,0,0,0,0,0,1,0,0,0,0,0,2,0
Matt Bartkowski,FA,D,1,0,0,0,-1,0,2,0,0,0,0,0,1,1
Stefan Noesen,CAR,C,6,0,0,0,0,2,5,0,0,0,0,0,4,0
Andy Andreoff,NYI,C,6,0,0,0,-6,9,2,0,0,0,0,0,14,1
Andy Welinski,CGY,D,13,0,0,0,4,0,16,0,0,0,0,0,14,7
Xavier Ouellet,MON,D,6,0,0,0,-1,2,5,0,0,0,0,0,17,8
Fredrik Claesson,TB,D,6,0,0,0,0,12,4,0,0,0,0,0,10,7
Drew Shore,FA,C,4,0,0,0,-1,2,3,0,0,0,0,0,2,0
Connor McMichael,WAS,C,1,0,0,0,0,2,1,0,0,0,0,0,0,0
Jack Ahcan,BOS,D,3,0,0,0,-3,0,5,0,0,0,0,0,2,5
Brinson Pasichnuk,SJ,D,4,0,0,0,-1,2,3,0,0,0,0,0,2,3
Cole Smith,NSH,LW,1,0,0,0,0,0,1,0,0,0,0,0,0,0
Matt Kiersted,FLA,D,7,0,0,0,-4,2,6,0,0,0,0,0,1,10
Josh Dunne,CLS,C,6,0,0,0,-1,4,7,0,0,0,0,0,12,7
Tim Gettinger,NYR,LW,2,0,0,0,-2,0,2,0,0,0,0,0,5,1
Oskar Steen,BOS,C,3,0,0,0,-1,2,6,0,0,0,0,0,11,1
Matthew Phillips,CGY,C,1,0,0,0,0,0,2,0,0,0,0,0,0,0
Tanner Laczynski,PHI,C,5,0,0,0,1,0,6,0,0,0,0,0,5,1
Jeffrey Viel,SJ,LW,11,0,0,0,-7,23,10,0,0,0,0,0,22,0
Vinni Lettieri,ANH,C,5,0,0,0,-3,0,7,0,0,0,0,0,9,1
C.J. Smith,CAR,LW,1,0,0,0,0,0,0,0,0,0,0,0,3,0
William Lockwood,VAN,RW,2,0,0,0,-2,2,3,0,0,0,0,0,6,1
Vitali Abramov,FA,RW,2,0,0,0,0,0,0,0,0,0,0,0,0,0
Keaton Middleton,COL,D,3,0,0,0,-1,4,2,0,0,0,0,0,4,1
Brett Murray,BUF,LW,2,0,0,0,1,0,1,0,0,0,0,0,3,1
Garrett Pilon,WAS,C,1,0,0,0,0,0,0,0,0,0,0,0,0,0
Joey Anderson,TOR,RW,1,0,0,0,1,2,0,0,0,0,0,0,0,3
Frederic Allard,LA,D,1,0,0,0,-2,0,0,0,0,0,0,0,0,1
Carsen Twarynski,SEA,LW,7,0,0,0,-3,2,4,0,0,0,0,0,17,2
Logan Brown,STL,C,1,0,0,0,0,2,0,0,0,0,0,0,0,0
Dominik Simon,ANH,C,11,0,0,0,0,0,4,0,0,0,0,0,12,4
Sami Niku,MON,D,6,0,0,0,-3,8,2,0,0,0,0,0,0,7
Dakota Mermis,MIN,D,3,0,0,0,0,0,2,0,0,0,0,0,10,4
Cameron Hughes,BOS,C,1,0,0,0,-1,0,3,0,0,0,0,0,2,1
David Kase,PHI,RW,1,0,0,0,0,0,0,0,0,0,0,0,0,1
Dmytro Timashov,FA,LW,1,0,0,0,-2,0,1,0,0,0,0,0,2,0
Colton White,NJ,D,2,0,0,0,-1,0,3,0,0,0,0,0,2,0
Jonas Siegenthaler,NJ,D,15,0,0,0,-9,4,7,0,0,0,0,0,20,17
Dennis Gilbert,COL,D,3,0,0,0,0,5,0,0,0,0,0,0,2,1
Will Borgen,SEA,D,10,0,0,0,-4,4,7,0,0,0,0,0,30,14
Jonah Gadjovich,SJ,LW,1,0,0,0,-1,17,0,0,0,0,0,0,1,0
Drake Rymsha,FA,C,1,0,0,0,1,0,0,0,0,0,0,0,0,0
Maksim Sushko,PHI,RW,2,0,0,0,-1,0,0,0,0,0,0,0,2,0
David Farrance,NSH,D,2,0,0,0,3,0,3,0,0,0,0,0,1,1
Sheldon Dries,VAN,C,3,0,0,0,1,4,1,0,0,0,0,0,6,0
Philippe Maillet,FA,C,2,0,0,0,-1,0,1,0,0,0,0,0,1,0
Sheldon Rempal,VAN,LW,3,0,0,0,0,0,3,0,0,0,0,0,0,3
Kole Lind,SEA,RW,7,0,0,0,-4,0,4,0,0,0,0,0,8,3
Morgan Frost,PHI,C,2,0,0,0,0,0,0,0,0,0,0,0,0,0
Timothy Liljegren,TOR,D,2,0,0,0,1,2,1,0,0,0,0,0,3,2
Jacob Bernard-Docker,OTT,D,5,0,0,0,2,0,6,0,0,0,0,0,3,5
Martin Kaut,COL,RW,5,0,0,0,-1,4,2,0,0,0,0,0,6,1
Calen Addison,MIN,D,3,0,0,0,0,0,4,0,0,0,0,0,2,1
David Gustafsson,WPG,C,4,0,0,0,-1,0,1,0,0,0,0,0,0,0
Jesse Ylonen,MON,LW,1,0,0,0,0,0,1,0,0,0,0,0,0,0
Par Lindholm,FA,C,1,0,0,0,0,0,0,0,0,0,0,0,0,0
Juuso Riikola,PIT,D,2,0,0,0,0,0,1,0,0,0,0,0,5,1
Antti Suomela,FA,C,4,0,0,0,0,0,4,0,0,0,0,0,6,4
Otto Leskinen,MON,D,1,0,0,0,0,0,0,0,0,0,0,0,1,0
Alec Regula,CHI,D,3,0,0,0,-1,0,1,0,0,0,0,0,3,3
Joey Keane,CAR,D,1,0,0,0,-1,0,1,0,0,0,0,0,2,0
Reese Johnson,CHI,RW,5,0,0,0,-2,9,4,0,0,0,0,0,22,2
Brady Keeper,VAN,D,1,0,0,0,0,0,0,0,0,0,0,0,1,0
Egor Zamula,PHI,D,2,0,0,0,1,0,5,0,0,0,0,0,1,1
Simon Benoit,ANH,D,6,0,0,0,-3,2,3,0,0,0,0,0,20,9
Cam York,PHI,D,3,0,0,0,-1,0,1,0,0,0,0,0,1,2
Ville Heinola,WPG,D,5,0,0,0,-2,2,9,0,0,0,0,0,2,9
Olle Alsing,OTT,D,4,0,0,0,-1,0,1,0,0,0,0,0,4,2
Joakim Nygard,FA,LW,9,0,0,0,-2,4,6,0,0,0,0,0,4,0
Lean Bergmann,FA,LW,1,0,0,0,-1,4,1,0,0,0,0,0,3,1
Marc Michaelis,FA,LW,15,0,0,0,-5,2,3,0,0,0,0,0,12,10