Player,Team,Pos,GP,G,A,Pts,PtsPerG,fPts,fPtsPerG,PPP,SHP,SOG,Hits,BS
Connor McDavid,EDM,F,80,44,79,123,1.54,241.4,3.0,44,1,314,75,26
Johnny Gaudreau,CGY,F,82,40,75,115,1.4,199.2,2.4,25,0,262,10,9
Jonathan Huberdeau,FLA,F,80,30,85,115,1.44,212.6,2.6,38,5,222,99,28
Leon Draisaitl,EDM,F,80,55,55,110,1.38,231.6,2.9,41,1,278,53,25
Kirill Kaprizov,MIN,F,81,47,61,108,1.33,221.2,2.7,31,0,289,73,29
Auston Matthews,TOR,F,73,60,46,106,1.45,253.0,3.5,29,0,348,67,62
Steven Stamkos,TB,F,81,42,64,106,1.31,214.9,2.6,36,0,241,93,31
Matthew Tkachuk,CGY,F,82,42,62,104,1.27,205.1,2.5,29,0,253,93,20
J.T. Miller,VAN,F,80,32,67,99,1.24,216.8,2.7,38,2,206,172,56
Mitch Marner,TOR,F,72,35,62,97,1.35,191.9,2.7,25,4,224,75,31
Roman Josi,NSH,D,80,23,73,96,1.2,238.7,3.0,37,0,281,66,133
Artemi Panarin,NYR,F,75,22,74,96,1.28,163.4,2.2,37,0,177,22,14
Kyle Connor,WPG,F,79,47,46,93,1.18,201.9,2.5,28,3,317,32,23
Mikko Rantanen,COL,F,75,36,56,92,1.23,198.2,2.6,35,0,254,58,43
Patrick Kane,CHI,F,78,26,66,92,1.18,176.3,2.3,31,0,287,11,26
Alex Ovechkin,WAS,F,77,50,40,90,1.17,216.4,2.8,29,1,334,155,25
Aleksander Barkov,FLA,F,67,39,49,88,1.31,189.9,2.8,26,5,214,50,42
Nathan MacKinnon,COL,F,65,32,56,88,1.35,189.7,2.9,27,0,299,68,39
Nazem Kadri,COL,F,71,28,59,87,1.23,168.9,2.4,29,0,247,52,19
Matt Duchene,NSH,F,78,43,43,86,1.1,183.4,2.3,29,0,228,31,28
Cale Makar,COL,D,77,28,58,86,1.12,219.5,2.8,34,0,240,95,110
Kevin Fiala,MIN,F,82,33,52,85,1.04,168.9,2.0,17,1,262,52,21
Victor Hedman,TB,D,82,20,65,85,1.04,219.8,2.7,38,0,219,94,129
Filip Forsberg,NSH,F,69,42,42,84,1.22,197.3,2.9,27,0,226,112,48
Jake Guentzel,PIT,F,76,40,44,84,1.11,187.6,2.5,22,0,264,72,38
Sidney Crosby,PIT,F,69,31,53,84,1.22,174.3,2.5,30,0,208,50,37
Elias Lindholm,CGY,F,82,42,40,82,1.0,190.6,2.3,19,2,235,66,52
Vladimir Tarasenko,STL,F,75,34,48,82,1.09,181.3,2.4,22,1,230,83,45
Sam Reinhart,FLA,F,78,33,49,82,1.05,170.0,2.2,31,2,186,49,30
Sebastian Aho,CAR,F,79,37,44,81,1.03,174.7,2.2,28,3,221,76,23
Mika Zibanejad,NYR,F,81,29,52,81,1.0,178.6,2.2,28,5,219,67,47
Joe Pavelski,DAL,F,82,27,54,81,0.99,187.0,2.3,25,0,216,104,69
William Nylander,TOR,F,81,34,46,80,0.99,172.0,2.1,31,0,256,19,30
Brad Marchand,BOS,F,70,32,48,80,1.14,168.5,2.4,27,2,242,78,20
Jason Robertson,DAL,F,74,41,38,79,1.07,169.5,2.3,21,0,220,50,24
Mats Zuccarello,MIN,F,70,24,55,79,1.13,153.0,2.2,28,0,159,36,33
Alex DeBrincat,CHI,F,82,41,37,78,0.95,187.6,2.3,28,0,270,101,35
Evgeny Kuznetsov,WAS,F,79,24,54,78,0.99,155.5,2.0,27,5,208,42,25
Chris Kreider,NYR,F,81,52,25,77,0.95,207.4,2.6,35,3,258,141,39
David Pastrnak,BOS,F,72,40,37,77,1.07,174.5,2.4,26,0,312,63,14
Robert Thomas,STL,F,72,20,57,77,1.07,130.8,1.8,14,3,115,13,25
Timo Meier,SJ,F,77,35,41,76,0.99,199.3,2.6,18,0,326,162,61
Pavel Buchnevich,STL,F,73,30,46,76,1.04,150.6,2.1,19,4,199,57,15
John Tavares,TOR,F,79,27,49,76,0.96,170.7,2.2,26,0,237,90,44
Jordan Kyrou,STL,F,74,27,48,75,1.01,142.9,1.9,19,1,188,6,23
Adam Fox,NYR,D,78,11,63,74,0.95,185.3,2.4,33,2,158,30,128
Jesper Bratt,NJ,F,76,26,47,73,0.96,145.3,1.9,18,0,197,26,30
Roope Hintz,DAL,F,80,37,35,72,0.9,179.0,2.2,24,4,213,82,53
John Carlson,WAS,D,78,17,54,71,0.91,184.8,2.4,25,3,195,73,112
Mark Scheifele,WPG,F,67,29,41,70,1.04,151.5,2.3,19,0,159,36,47
Dylan Larkin,DET,F,71,31,38,69,0.97,149.8,2.1,13,1,212,76,28
Andrei Svechnikov,CAR,F,78,30,39,69,0.88,161.3,2.1,22,0,249,189,15
Nikita Kucherov,TB,F,47,25,44,69,1.47,131.3,2.8,30,0,156,32,7
Tage Thompson,BUF,F,78,38,30,68,0.87,159.4,2.0,16,2,253,66,25
Elias Pettersson,VAN,F,80,32,36,68,0.85,160.1,2.0,27,2,192,49,43
Morgan Rielly,TOR,D,82,10,58,68,0.83,165.8,2.0,23,3,221,92,87
Kris Letang,PIT,D,78,10,58,68,0.87,188.5,2.4,22,0,214,171,122
Quinn Hughes,VAN,D,76,8,60,68,0.89,137.4,1.8,31,2,150,19,56
Troy Terry,ANH,F,75,37,30,67,0.89,144.8,1.9,15,0,192,6,27
Brady Tkachuk,OTT,F,79,30,37,67,0.85,173.8,2.2,17,0,288,270,25
Anze Kopitar,LA,F,81,19,48,67,0.83,161.2,2.0,22,1,210,72,71
Jonathan Marchessault,VGK,F,76,30,36,66,0.87,145.7,1.9,20,0,251,61,17
Ryan Hartman,MIN,F,82,34,31,65,0.79,158.1,1.9,8,0,239,72,48
Patrice Bergeron,BOS,F,73,25,40,65,0.89,162.6,2.2,23,3,293,78,45
Teuvo Teravainen,CAR,F,77,22,43,65,0.84,140.7,1.8,31,3,202,15,30
Claude Giroux,FLA,F,75,21,44,65,0.87,132.8,1.8,23,0,205,68,16
Tomas Hertl,SJ,F,82,30,34,64,0.78,162.0,2.0,16,1,205,105,57
Chandler Stephenson,VGK,F,79,21,43,64,0.81,134.3,1.7,14,2,125,68,44
Mikael Granlund,NSH,F,80,11,53,64,0.8,132.4,1.6,28,0,117,92,45
Jeff Skinner,BUF,F,80,33,30,63,0.79,140.6,1.8,11,0,262,29,20
Clayton Keller,ARI,F,67,28,35,63,0.94,132.4,2.0,11,2,177,17,31
Ryan Johansen,NSH,F,79,26,37,63,0.8,137.5,1.7,24,0,118,72,35
Michael Bunting,TOR,F,79,23,40,63,0.8,125.0,1.6,5,0,175,85,21
Tyler Bertuzzi,DET,F,68,30,32,62,0.91,145.0,2.1,14,2,180,65,41
Jakub Voracek,CLS,F,79,6,56,62,0.78,111.9,1.4,25,0,147,27,28
Trevor Zegras,ANH,F,75,23,38,61,0.81,129.7,1.7,17,0,181,56,27
Andre Burakovsky,COL,F,80,22,39,61,0.76,125.3,1.6,11,0,149,49,34
Nick Suzuki,MON,F,82,21,40,61,0.74,152.0,1.9,20,3,186,89,62
Taylor Hall,BOS,F,81,20,41,61,0.75,133.7,1.6,15,0,217,55,36
Pierre-Luc Dubois,WPG,F,81,28,32,60,0.74,153.5,1.9,19,0,233,112,43
Ivan Barbashev,STL,F,81,26,34,60,0.74,132.6,1.6,9,2,111,160,28
Nico Hischier,NJ,F,70,21,39,60,0.86,132.3,1.9,12,2,153,50,48
Blake Wheeler,WPG,F,65,17,43,60,0.92,128.4,2.0,20,0,167,62,37
Brock Nelson,NYI,F,72,37,22,59,0.82,144.7,2.0,14,0,171,31,43
Gabriel Landeskog,COL,F,51,30,29,59,1.16,137.9,2.7,15,0,150,94,34
Alex Killorn,TB,F,82,25,34,59,0.72,129.2,1.6,14,0,164,88,26
Nick Schmaltz,ARI,F,63,23,36,59,0.94,113.8,1.8,8,0,123,15,28
Mathew Barzal,NYI,F,73,15,44,59,0.81,112.2,1.5,20,0,161,36,17
Anthony Duclair,FLA,F,74,31,27,58,0.78,128.0,1.7,21,0,167,38,16
Brayden Point,TB,F,66,28,30,58,0.88,135.6,2.0,22,0,176,75,27
Bryan Rust,PIT,F,60,24,34,58,0.97,126.8,2.1,21,0,180,43,24
Brayden Schenn,STL,F,62,24,34,58,0.94,122.0,2.0,17,0,111,119,17
Tim Stutzle,OTT,F,79,22,36,58,0.73,149.6,1.9,26,1,176,125,52
Ryan O'Reilly,STL,F,78,21,37,58,0.74,125.3,1.6,16,1,168,20,38
Oliver Bjorkstrand,CLS,F,80,28,29,57,0.71,140.0,1.8,19,0,215,85,31
David Perron,STL,F,67,27,30,57,0.85,128.2,1.9,26,0,177,80,11
Lucas Raymond,DET,F,82,23,34,57,0.7,125.6,1.5,18,0,184,62,24
Aaron Ekblad,FLA,D,61,15,42,57,0.93,142.2,2.3,20,3,180,62,69
Devon Toews,COL,D,66,13,44,57,0.86,139.7,2.1,12,0,158,54,85
Patrik Laine,CLS,F,56,26,30,56,1.0,115.6,2.1,14,0,167,34,13
Jack Hughes,NJ,F,49,26,30,56,1.14,113.6,2.3,14,0,165,6,15
Logan Couture,SJ,F,77,23,33,56,0.73,147.1,1.9,17,3,199,92,58
Charlie McAvoy,BOS,D,78,10,46,56,0.72,173.6,2.2,21,1,166,155,129
Andrew Mangiapane,CGY,F,82,35,20,55,0.67,138.8,1.7,11,3,185,73,32
Josh Norris,OTT,F,66,35,20,55,0.83,148.6,2.2,23,0,172,79,44
Nikolaj Ehlers,WPG,F,62,28,27,55,0.89,128.7,2.1,9,0,245,32,27
Carter Verhaeghe,FLA,F,78,24,31,55,0.71,110.2,1.4,3,0,167,50,16
Adrian Kempe,LA,F,78,35,19,54,0.69,148.3,1.9,16,3,247,111,28
Zach Hyman,EDM,F,76,27,27,54,0.71,132.2,1.7,10,4,213,74,31
Ryan Strome,NYR,F,74,21,33,54,0.73,112.2,1.5,14,1,161,41,19
Brent Burns,SJ,D,82,10,44,54,0.66,174.3,2.1,18,1,203,55,150
Andrew Copp,NYR,F,72,21,32,53,0.74,123.8,1.7,10,3,183,45,41
Gustav Nyquist,CLS,F,82,18,35,53,0.65,119.8,1.5,10,4,122,41,51
Rasmus Dahlin,BUF,D,80,13,40,53,0.66,151.7,1.9,21,1,171,121,91
Bo Horvat,VAN,F,70,31,21,52,0.74,144.5,2.1,19,1,194,96,45
Valeri Nichushkin,COL,F,62,25,27,52,0.84,122.9,2.0,9,2,180,89,27
Tom Wilson,WAS,F,78,24,28,52,0.67,149.1,1.9,10,3,151,240,55
Conor Garland,VAN,F,77,19,33,52,0.68,109.0,1.4,3,0,203,52,22
Travis Konecny,PHI,F,79,16,36,52,0.66,120.0,1.5,10,0,220,80,34
Shea Theodore,VGK,D,78,14,38,52,0.67,144.7,1.8,12,0,205,37,97
Phil Kessel,ARI,F,82,8,44,52,0.63,95.6,1.2,14,0,175,6,21
Phillip Danault,LA,F,79,27,24,51,0.65,132.8,1.7,4,3,194,74,49
Vincent Trocheck,CAR,F,81,21,30,51,0.63,136.3,1.7,12,0,168,185,46
Shayne Gostisbehere,ARI,D,82,14,37,51,0.62,153.1,1.9,19,0,151,60,115
Noah Dobson,NYI,D,80,13,38,51,0.64,178.8,2.2,22,0,190,78,154
Alex Kerfoot,TOR,F,82,13,38,51,0.62,117.7,1.4,1,3,117,75,65
Tony DeAngelo,CAR,D,64,10,41,51,0.8,119.7,1.9,20,0,151,41,59
Seth Jones,CHI,D,78,5,46,51,0.65,172.8,2.2,19,1,194,99,155
Jared McCann,SEA,F,74,27,23,50,0.68,126.9,1.7,17,1,199,65,29
Cam Atkinson,PHI,F,73,23,27,50,0.68,123.0,1.7,5,3,215,20,45
Ryan Nugent-Hopkins,EDM,F,63,11,39,50,0.79,111.6,1.8,23,5,154,42,34
Moritz Seider,DET,D,82,7,43,50,0.61,182.8,2.2,21,2,187,151,161
Rasmus Andersson,CGY,D,82,4,46,50,0.61,148.0,1.8,19,1,152,63,125
Sam Bennett,FLA,F,71,28,21,49,0.69,131.5,1.8,9,1,241,119,27
Joel Eriksson Ek,MIN,F,77,26,23,49,0.64,141.6,1.8,17,0,223,138,44
Brandon Saad,STL,F,78,24,25,49,0.63,108.8,1.4,13,3,158,20,20
Tyler Seguin,DAL,F,81,24,25,49,0.6,127.4,1.6,13,0,218,96,33
Tyler Toffoli,CGY,F,74,20,29,49,0.66,118.1,1.6,16,3,195,81,24
Victor Olofsson,BUF,F,72,20,29,49,0.68,100.4,1.4,12,1,164,10,15
Viktor Arvidsson,LA,F,66,20,29,49,0.74,120.5,1.8,8,0,227,23,45
Ondrej Palat,TB,F,77,18,31,49,0.64,118.1,1.5,6,1,143,123,42
Dylan Strome,CHI,F,69,22,26,48,0.7,108.2,1.6,16,0,126,11,33
Yanni Gourde,SEA,F,74,21,27,48,0.65,110.4,1.5,7,4,127,77,31
Trevor Moore,LA,F,81,17,31,48,0.59,112.1,1.4,2,6,202,69,32
Zach Werenski,CLS,D,68,11,37,48,0.71,138.9,2.0,14,1,216,33,95
Noah Hanifin,CGY,D,81,10,38,48,0.59,132.2,1.6,13,1,189,63,84
Mason Marchment,FLA,F,54,18,29,47,0.87,94.0,1.7,2,0,121,114,9
Justin Faulk,STL,D,76,16,31,47,0.62,148.6,1.9,7,0,167,149,101
John Klingberg,DAL,D,74,6,41,47,0.64,121.1,1.6,20,0,139,57,77
Anders Lee,NYI,F,76,28,18,46,0.61,120.8,1.6,13,0,159,94,30
Yegor Sharangovich,NJ,F,76,24,22,46,0.61,105.3,1.4,3,2,168,30,26
Brock Boeser,VAN,F,71,23,23,46,0.65,114.0,1.6,17,1,195,35,26
Jamie Benn,DAL,F,82,18,28,46,0.56,132.5,1.6,11,1,182,143,60
Damon Severson,NJ,D,80,11,35,46,0.57,136.4,1.7,16,1,158,91,92
Jack Roslovic,CLS,F,81,22,23,45,0.56,102.1,1.3,7,0,131,60,25
Kyle Okposo,BUF,F,74,21,24,45,0.61,106.8,1.4,14,2,174,59,19
Paul Stastny,WPG,F,71,21,24,45,0.63,100.3,1.4,8,0,141,27,27
Jeff Carter,PIT,F,76,19,26,45,0.59,122.4,1.6,6,1,200,99,50
Brandon Hagel,TB,F,77,25,19,44,0.57,108.3,1.4,6,3,125,63,32
Nino Niederreiter,CAR,F,75,24,20,44,0.59,105.3,1.4,5,0,144,119,17
Boone Jenner,CLS,F,59,23,21,44,0.75,124.0,2.1,10,0,160,80,56
Jordan Eberle,SEA,F,79,21,23,44,0.56,110.7,1.4,9,0,164,48,40
Erik Haula,BOS,F,78,18,26,44,0.56,109.0,1.4,4,0,141,129,36
Anton Lundell,FLA,F,65,18,26,44,0.68,109.1,1.7,4,4,125,26,56
Drake Batherson,OTT,F,46,17,27,44,0.96,95.4,2.1,14,0,110,89,15
Charlie Coyle,BOS,F,82,16,28,44,0.54,106.0,1.3,9,1,131,84,39
Josh Bailey,NYI,F,74,14,30,44,0.59,87.1,1.2,11,0,87,19,26
Frederick Gaudreau,MIN,F,76,14,30,44,0.58,100.0,1.3,3,2,132,48,43
Alex Pietrangelo,VGK,D,80,13,31,44,0.55,176.8,2.2,13,4,227,66,164
MacKenzie Weegar,FLA,D,80,8,36,44,0.55,170.7,2.1,3,2,203,179,156
Cole Caufield,MON,F,67,23,20,43,0.64,96.6,1.4,13,0,188,18,7
Evgenii Dadonov,VGK,F,78,20,23,43,0.55,103.7,1.3,8,0,177,65,25
Evan Rodrigues,PIT,F,82,19,24,43,0.52,114.2,1.4,8,0,243,89,30
Conor Sheary,WAS,F,71,19,24,43,0.61,104.4,1.5,6,0,129,45,44
Anthony Cirelli,TB,F,76,17,26,43,0.57,120.1,1.6,8,1,146,75,67
Evan Bouchard,EDM,D,81,12,31,43,0.53,143.5,1.8,7,1,205,80,112
Torey Krug,STL,D,64,9,34,43,0.67,114.2,1.8,19,1,119,53,70
Jake DeBrusk,BOS,F,77,25,17,42,0.55,106.1,1.4,4,0,184,62,25
Marcus Foligno,MIN,F,74,23,19,42,0.57,123.1,1.7,7,0,98,238,42
Evgeni Malkin,PIT,F,41,20,22,42,1.02,96.0,2.3,20,0,129,21,18
Adam Henrique,ANH,F,58,19,23,42,0.72,106.3,1.8,11,0,141,22,47
Dawson Mercer,NJ,F,82,17,25,42,0.51,98.0,1.2,5,2,154,26,35
Cam Fowler,ANH,D,76,9,33,42,0.55,134.1,1.8,18,0,124,37,116
Jaccob Slavin,CAR,D,79,4,38,42,0.53,132.5,1.7,7,2,165,50,121
Tanner Jeannot,NSH,F,81,24,17,41,0.51,143.2,1.8,3,1,124,318,64
Rickard Rakell,PIT,F,70,20,21,41,0.59,116.3,1.7,10,0,184,99,44
Kailer Yamamoto,EDM,F,81,20,21,41,0.51,105.8,1.3,6,2,114,114,36
Tyson Barrie,EDM,D,73,7,34,41,0.56,113.1,1.5,21,1,149,27,73
Corey Perry,TB,F,82,19,21,40,0.49,99.6,1.2,8,0,153,73,28
Seth Jarvis,CAR,F,68,17,23,40,0.59,88.4,1.3,6,0,110,69,21
Martin Necas,CAR,F,78,14,26,40,0.51,87.4,1.1,4,1,159,55,19
Jared Spurgeon,MIN,D,65,10,30,40,0.62,114.5,1.8,14,0,116,44,83
Evander Kane,EDM,F,43,22,17,39,0.91,98.7,2.3,4,3,152,135,11
Ross Colton,TB,F,79,22,17,39,0.49,112.7,1.4,5,0,159,153,36
Jean-Gabriel Pageau,NYI,F,77,18,21,39,0.51,118.7,1.5,7,4,126,171,53
Matthew Boldy,MIN,F,47,15,24,39,0.83,84.6,1.8,10,0,113,23,24
Nicolas Roy,VGK,F,78,15,24,39,0.5,97.0,1.2,5,1,145,85,34
Mikael Backlund,CGY,F,82,12,27,39,0.48,95.6,1.2,7,0,214,62,27
Max Domi,CAR,F,72,11,28,39,0.54,69.3,1.0,4,0,104,24,9
Jacob Trouba,NYR,D,81,11,28,39,0.48,182.6,2.2,4,2,204,207,177
Connor Brown,OTT,F,64,10,29,39,0.61,87.5,1.4,9,4,121,14,37
Alexander Barabanov,SJ,F,70,10,29,39,0.56,88.1,1.3,8,0,103,53,39
Brady Skjei,CAR,D,82,9,30,39,0.48,112.4,1.4,0,0,184,95,73
James van Riemsdyk,PHI,F,82,24,14,38,0.46,101.0,1.2,9,0,186,34,25
Artturi Lehkonen,COL,F,74,19,19,38,0.51,102.7,1.4,3,2,155,82,39
Reilly Smith,VGK,F,56,16,22,38,0.68,91.5,1.6,7,4,150,55,23
Dylan Cozens,BUF,F,79,13,25,38,0.48,86.5,1.1,9,1,160,35,22
Alex Tuch,BUF,F,50,12,26,38,0.76,96.1,1.9,8,1,139,32,49
Mikhail Sergachev,TB,D,78,7,31,38,0.49,139.3,1.8,7,1,149,139,123
Thomas Chabot,OTT,D,59,7,31,38,0.64,122.6,2.1,13,0,173,73,93
Filip Hronek,DET,D,78,5,33,38,0.49,107.3,1.4,7,0,133,70,81
Max Pacioretty,VGK,F,39,19,18,37,0.95,90.3,2.3,12,0,148,30,21
Alex Iafallo,LA,F,79,17,20,37,0.47,110.8,1.4,6,2,215,48,53
Rem Pitlick,MON,F,66,15,22,37,0.56,76.0,1.2,1,1,65,25,28
Jonathan Toews,CHI,F,71,12,25,37,0.52,79.0,1.1,7,1,125,25,22
Josh Morrissey,WPG,D,79,12,25,37,0.47,140.8,1.8,15,0,173,150,104
Alexander Wennberg,SEA,F,80,11,26,37,0.46,87.7,1.1,6,1,95,47,44
Brandon Montour,FLA,D,81,11,26,37,0.46,106.2,1.3,8,0,153,64,65
Gustav Forsling,FLA,D,71,10,27,37,0.52,109.0,1.5,0,0,145,45,86
Ryan Getzlaf,FA,F,56,3,34,37,0.66,92.8,1.6,11,0,104,89,56
Jordan Staal,CAR,F,78,17,19,36,0.46,104.3,1.3,2,0,146,212,29
Craig Smith,BOS,F,74,16,20,36,0.49,96.2,1.3,4,0,187,95,28
Pius Suter,DET,F,82,15,21,36,0.44,90.5,1.1,3,1,166,24,37
Pavel Zacha,NJ,F,70,15,21,36,0.51,86.8,1.2,8,0,148,80,18
Jesse Puljujarvi,EDM,F,65,14,22,36,0.55,85.1,1.3,7,0,160,81,15
Miro Heiskanen,DAL,D,70,5,31,36,0.51,113.3,1.6,11,0,156,52,92
Travis Boyd,ARI,F,74,17,18,35,0.47,97.4,1.3,4,0,88,71,55
Pierre Engvall,TOR,F,78,15,20,35,0.45,81.0,1.0,3,3,154,66,12
Mike Hoffman,MON,F,67,15,20,35,0.52,89.1,1.3,13,0,154,27,29
Zach Parise,NYI,F,82,15,20,35,0.43,102.8,1.2,7,2,138,60,57
Andreas Johnsson,NJ,F,71,13,22,35,0.49,77.3,1.1,1,0,114,64,22
William Karlsson,VGK,F,67,12,23,35,0.52,88.2,1.3,3,2,135,42,42
Dmitry Orlov,WAS,D,76,12,23,35,0.46,121.1,1.6,4,0,127,124,94
Erik Karlsson,SJ,D,50,10,25,35,0.7,86.0,1.7,10,0,117,18,45
Darnell Nurse,EDM,D,71,9,26,35,0.49,154.4,2.2,6,3,203,196,132
Mark Giordano,TOR,D,75,8,27,35,0.47,142.1,1.9,12,2,151,75,139
Kevin Shattenkirk,ANH,D,82,8,27,35,0.43,141.1,1.7,14,0,163,73,135
Vince Dunn,SEA,D,73,7,28,35,0.48,108.2,1.5,11,0,121,76,82
Colton Parayko,STL,D,80,6,29,35,0.44,146.7,1.8,1,0,135,72,169
Lawson Crouse,ARI,F,65,20,14,34,0.52,107.2,1.6,7,1,131,181,36
Joel Farabee,PHI,F,63,17,17,34,0.54,91.2,1.4,3,1,119,73,38
Jesper Fast,CAR,F,82,14,20,34,0.41,88.1,1.1,2,1,97,109,36
Sonny Milano,ANH,F,66,14,20,34,0.52,72.6,1.1,10,0,94,27,15
Tanner Pearson,VAN,F,68,14,20,34,0.5,94.3,1.4,3,0,159,84,41
Anthony Beauvillier,NYI,F,75,12,22,34,0.45,80.8,1.1,11,0,154,39,20
Neal Pionk,WPG,D,77,3,31,34,0.44,121.0,1.6,12,0,140,185,91
J.T. Compher,COL,F,70,18,15,33,0.47,95.3,1.4,6,1,102,31,55
Danton Heinen,PIT,F,76,18,15,33,0.43,89.9,1.2,4,0,138,66,33
Blake Coleman,CGY,F,81,16,17,33,0.41,109.5,1.3,0,2,212,163,44
Kyle Palmieri,NYI,F,69,15,18,33,0.48,83.3,1.2,6,0,156,77,18
Alex Newhook,COL,F,71,13,20,33,0.46,82.3,1.2,6,0,113,40,36
Barclay Goodrow,NYR,F,79,13,20,33,0.42,99.6,1.3,0,4,116,130,54
Christian Dvorak,MON,F,56,11,22,33,0.59,84.4,1.5,5,0,87,32,52
Vladislav Gavrikov,CLS,D,80,5,28,33,0.41,130.7,1.6,0,1,108,124,138
Ilya Mikheyev,TOR,F,53,21,11,32,0.6,86.4,1.6,5,4,147,52,18
Josh Anderson,MON,F,69,19,13,32,0.46,100.4,1.4,3,0,151,153,35
Frank Vatrano,NYR,F,71,18,14,32,0.45,86.9,1.2,2,0,161,68,26
Alex Formenton,OTT,F,79,18,14,32,0.41,91.3,1.2,0,6,162,101,24
Dillon Dube,CGY,F,79,18,14,32,0.41,83.5,1.1,3,3,143,87,15
Nick Paul,TB,F,80,16,16,32,0.4,105.2,1.3,2,2,166,106,56
Dominik Kubalik,CHI,F,78,15,17,32,0.41,90.9,1.2,9,0,161,93,28
Philip Tomasino,NSH,F,76,11,21,32,0.42,77.5,1.0,9,0,111,49,28
Kasperi Kapanen,PIT,F,79,11,21,32,0.41,78.9,1.0,5,0,129,110,19
Ryan Suter,DAL,D,82,7,25,32,0.39,105.9,1.3,13,0,118,46,88
Nate Schmidt,WPG,D,77,4,28,32,0.42,109.4,1.4,11,1,117,37,104
Jamie Drysdale,ANH,D,81,4,28,32,0.4,95.7,1.2,12,0,137,40,72
Alexis Lafreniere,NYR,F,79,19,12,31,0.39,85.8,1.1,2,0,110,108,26
Ryan Donato,SEA,F,74,16,15,31,0.42,78.9,1.1,1,0,159,70,17
Cole Sillinger,CLS,F,79,16,15,31,0.39,94.1,1.2,2,0,148,98,43
Lars Eller,WAS,F,72,13,18,31,0.43,84.1,1.2,2,0,116,95,36
Sam Gagner,DET,F,81,13,18,31,0.38,72.8,0.9,1,1,132,21,25
Mike Matheson,PIT,D,74,11,20,31,0.42,107.2,1.4,2,0,140,97,81
Denis Gurianov,DAL,F,73,11,20,31,0.42,82.6,1.1,7,0,144,67,32
Kevin Hayes,PHI,F,48,10,21,31,0.65,65.7,1.4,4,1,126,36,12
Oliver Kylington,CGY,D,73,9,22,31,0.42,98.8,1.3,3,0,138,40,79
Ivan Provorov,PHI,D,79,9,22,31,0.39,154.9,1.9,7,2,170,74,172
Travis Sanheim,PHI,D,80,7,24,31,0.39,127.7,1.6,0,0,123,64,142
Drew Doughty,LA,D,39,7,24,31,0.79,86.9,2.2,13,0,99,60,53
Mattias Ekholm,NSH,D,76,6,25,31,0.41,109.9,1.4,4,1,145,79,96
Nicklas Backstrom,WAS,F,47,6,25,31,0.66,60.4,1.3,14,0,68,16,16
Robby Fabbri,DET,F,56,17,13,30,0.54,81.4,1.4,8,0,123,86,19
Vladislav Namestnikov,DAL,F,75,16,14,30,0.4,81.8,1.1,1,1,91,62,39
Tomas Tatar,NJ,F,76,15,15,30,0.39,82.2,1.1,5,0,132,75,28
Sean Kuraly,CLS,F,77,14,16,30,0.39,106.6,1.4,1,1,121,240,51
Calle Jarnkrok,CGY,F,66,12,18,30,0.45,67.4,1.0,6,0,101,38,17
Mathieu Joseph,OTT,F,69,12,18,30,0.43,76.7,1.1,0,4,86,106,27
Scott Laughton,PHI,F,67,11,19,30,0.45,92.1,1.4,1,2,110,151,47
Dougie Hamilton,NJ,D,62,9,21,30,0.48,117.4,1.9,8,0,197,87,92
Mark Stone,VGK,F,37,9,21,30,0.81,63.5,1.7,6,1,71,19,24
Jonas Brodin,MIN,D,73,5,25,30,0.41,118.8,1.6,7,1,126,42,126
Alexandre Carrier,NSH,D,77,3,27,30,0.39,116.5,1.5,4,1,95,95,124
Alex Goligoski,MIN,D,72,2,28,30,0.42,95.6,1.3,4,0,80,56,96
Isac Lundestrom,ANH,F,80,16,13,29,0.36,86.6,1.1,0,4,83,38,55
Derek Grant,ANH,F,71,15,14,29,0.41,89.1,1.3,2,2,117,69,49
Jake Evans,MON,F,72,13,16,29,0.4,82.2,1.1,0,1,124,88,37
Jesperi Kotkaniemi,CAR,F,66,12,17,29,0.44,66.0,1.0,4,0,81,74,15
Marcus Johansson,WAS,F,69,9,20,29,0.42,70.2,1.0,10,0,111,31,26
Oliver Ekman-Larsson,VAN,D,79,5,24,29,0.37,105.8,1.3,10,0,168,105,79
Patric Hornqvist,FLA,F,65,11,17,28,0.43,81.7,1.2,7,0,165,112,23
Teddy Blueger,PIT,F,65,9,19,28,0.43,72.0,1.1,0,2,93,87,32
Dustin Brown,LA,F,64,9,19,28,0.44,71.9,1.1,3,0,146,88,20
Colton Sissons,NSH,F,79,7,21,28,0.35,86.5,1.1,4,0,87,188,44
Brett Pesce,CAR,D,70,7,21,28,0.4,104.7,1.5,3,0,148,39,99
Chris Tanev,CGY,D,82,6,22,28,0.34,127.0,1.5,0,0,88,52,158
Ryan Graves,NJ,D,75,6,22,28,0.37,121.6,1.6,0,0,111,90,135
Samuel Girard,COL,D,67,5,23,28,0.42,95.9,1.4,7,0,79,65,90
Cody Ceci,EDM,D,78,5,23,28,0.36,116.9,1.5,0,3,102,117,121
T.J. Brodie,TOR,D,82,4,24,28,0.34,98.6,1.2,1,2,68,53,106
Adam Pelech,NYI,D,78,3,25,28,0.36,116.3,1.5,0,2,104,99,128
Michael Rasmussen,DET,F,80,15,12,27,0.34,102.5,1.3,2,0,128,142,65
Ondrej Kase,TOR,F,50,14,13,27,0.54,76.3,1.5,8,1,119,29,32
Arthur Kaliyev,LA,F,80,14,13,27,0.34,74.0,0.9,9,0,194,31,12
Patrick Maroon,TB,F,81,11,16,27,0.33,72.7,0.9,6,0,102,160,11
Jordan Greenway,MIN,F,62,10,17,27,0.44,80.0,1.3,2,0,110,155,31
Eric Robinson,CLS,F,67,10,17,27,0.4,67.9,1.0,0,2,104,95,20
Rasmus Asplund,BUF,F,80,8,19,27,0.34,60.5,0.8,4,1,130,30,14
Matt Dumba,MIN,D,57,7,20,27,0.47,101.5,1.8,5,0,116,114,84
Jeff Petry,MON,D,68,6,21,27,0.4,119.9,1.8,3,1,124,140,117
Hampus Lindholm,BOS,D,71,5,22,27,0.38,102.2,1.4,5,1,142,70,92
Chris Wideman,MON,D,64,4,23,27,0.42,72.0,1.1,12,0,76,44,46
Sean Durzi,LA,D,64,3,24,27,0.42,117.8,1.8,15,1,119,74,121
Nick Bonino,SJ,F,80,16,10,26,0.33,114.1,1.4,7,1,137,34,102
Garnet Hathaway,WAS,F,76,14,12,26,0.34,108.9,1.4,0,1,124,250,62
Vasili Podkolzin,VAN,F,79,14,12,26,0.33,77.9,1.0,3,0,115,84,33
Oskar Lindblom,PHI,F,79,12,14,26,0.33,83.5,1.1,1,0,127,83,48
Warren Foegele,EDM,F,82,12,14,26,0.32,73.9,0.9,3,0,142,127,15
David Kampf,TOR,F,82,11,15,26,0.32,70.2,0.9,0,4,102,80,26
Eetu Luostarinen,FLA,F,78,9,17,26,0.33,78.7,1.0,1,3,84,103,46
Kirby Dach,CHI,F,70,9,17,26,0.37,77.0,1.1,6,1,116,49,44
Ben Chiarot,FLA,D,74,9,17,26,0.35,132.0,1.8,3,1,143,157,130
Ryan McDonagh,TB,D,71,4,22,26,0.37,117.1,1.6,1,0,85,96,137
Jack Eichel,VGK,F,34,14,11,25,0.74,78.3,2.3,8,0,133,45,35
Vinnie Hinostroza,BUF,F,62,13,12,25,0.4,56.7,0.9,1,0,92,25,13
Jason Spezza,TOR,F,71,12,13,25,0.35,66.8,0.9,10,0,97,31,24
T.J. Oshie,WAS,F,44,11,14,25,0.57,72.8,1.6,10,1,77,86,30
Mattias Janmark,VGK,F,67,9,16,25,0.37,60.3,0.9,0,3,89,19,28
Adam Larsson,SEA,D,82,8,17,25,0.3,133.7,1.6,1,0,119,183,140
Erik Johnson,COL,D,77,8,17,25,0.32,132.9,1.7,1,2,139,165,136
Jake Bean,CLS,D,67,7,18,25,0.37,83.1,1.2,4,1,90,41,71
Esa Lindell,DAL,D,76,4,21,25,0.33,130.7,1.7,3,3,136,111,148
John Marino,PIT,D,81,1,24,25,0.31,88.3,1.1,2,2,90,73,88
Yakov Trenin,NSH,F,80,17,7,24,0.3,90.2,1.1,0,0,136,191,33
Oliver Wahlstrom,NYI,F,73,13,11,24,0.33,76.3,1.0,8,0,157,101,19
Nic Dowd,WAS,F,64,10,14,24,0.38,84.4,1.3,1,1,90,139,53
Blake Lizotte,LA,F,70,10,14,24,0.34,58.0,0.8,0,3,91,74,12
Barrett Hayton,ARI,F,60,10,14,24,0.4,69.6,1.1,5,0,82,84,33
Filip Zadina,DET,F,74,10,14,24,0.32,76.1,1.0,8,0,154,57,34
Tyler Ennis,OTT,F,57,8,16,24,0.42,61.9,1.1,4,0,89,70,24
Logan O'Connor,COL,F,81,8,16,24,0.3,86.2,1.1,0,4,127,100,59
Keegan Kolesar,VGK,F,77,7,17,24,0.31,89.0,1.2,1,1,94,246,46
Dmitry Kulikov,MIN,D,80,7,17,24,0.3,99.9,1.2,0,0,74,100,103
Brendan Gallagher,MON,F,56,7,17,24,0.43,68.6,1.2,7,0,142,54,29
Matt Grzelcyk,BOS,D,73,4,20,24,0.33,87.8,1.2,5,0,118,40,83
Dante Fabbro,NSH,D,66,3,21,24,0.36,95.2,1.4,0,0,88,69,105
Nick Leddy,STL,D,75,3,21,24,0.32,74.3,1.0,6,0,71,37,67
Nick Ritchie,ARI,F,57,12,11,23,0.4,72.6,1.3,4,0,93,153,22
Eeli Tolvanen,NSH,F,75,11,12,23,0.31,92.2,1.2,6,0,151,176,45
Rudolfs Balcers,SJ,F,61,11,12,23,0.38,77.3,1.3,0,1,98,115,43
Nicolas Aube-Kubel,COL,F,74,11,12,23,0.31,65.7,0.9,0,0,87,140,18
Jesper Boqvist,NJ,F,56,10,13,23,0.41,52.0,0.9,1,0,74,31,16
Anthony Mantha,WAS,F,37,9,14,23,0.62,54.8,1.5,2,0,82,46,18
Jaden Schwartz,SEA,F,37,8,15,23,0.62,53.8,1.4,4,0,101,42,13
Anton Stralman,ARI,D,74,8,15,23,0.31,100.4,1.4,0,0,95,99,100
Sean Monahan,CGY,F,65,8,15,23,0.35,66.5,1.0,13,0,111,59,24
Oskar Sundqvist,DET,F,59,8,15,23,0.39,59.5,1.0,0,0,70,70,29
Noah Gregor,SJ,F,63,8,15,23,0.37,84.4,1.3,3,0,156,118,49
Timothy Liljegren,TOR,D,61,5,18,23,0.38,75.6,1.2,2,0,79,87,60
Justin Schultz,WAS,D,74,4,19,23,0.31,86.2,1.2,5,0,92,40,87
Justin Holl,TOR,D,69,3,20,23,0.33,98.8,1.4,0,3,64,129,104
Luke Kunin,NSH,F,82,13,9,22,0.27,96.3,1.2,2,0,125,223,51
Alex Chiasson,VAN,F,67,13,9,22,0.33,65.6,1.0,10,0,98,68,18
Brock McGinn,PIT,F,64,12,10,22,0.34,78.3,1.2,0,0,99,94,50
Jonathan Dahlen,SJ,F,61,12,10,22,0.36,66.6,1.1,7,0,105,16,34
Adam Boqvist,CLS,D,52,11,11,22,0.42,68.5,1.3,6,0,64,26,47
Taylor Raddysh,CHI,F,74,11,11,22,0.3,66.7,0.9,4,1,104,103,21
Derek Ryan,EDM,F,75,10,12,22,0.29,62.5,0.8,0,1,72,38,38
Nick Cousins,NSH,F,68,9,13,22,0.32,63.9,0.9,4,0,103,66,28
Filip Chytil,NYR,F,67,8,14,22,0.33,59.9,0.9,1,0,135,24,27
Morgan Geekie,SEA,F,73,7,15,22,0.3,57.7,0.8,4,0,97,55,23
Peyton Krebs,BUF,F,57,7,15,22,0.39,46.1,0.8,10,0,56,25,8
Artem Zub,OTT,D,81,6,16,22,0.27,114.7,1.4,0,0,92,155,124
P.K. Subban,NJ,D,77,5,17,22,0.29,90.8,1.2,0,1,114,69,90
Alexander Radulov,DAL,F,71,4,18,22,0.31,67.5,0.9,8,0,92,43,48
Nikita Zadorov,CGY,D,74,4,18,22,0.3,79.2,1.1,0,0,106,181,49
Jake McCabe,CHI,D,75,4,18,22,0.29,134.1,1.8,0,0,80,166,167
Joonas Donskoi,SEA,F,75,2,20,22,0.29,54.0,0.7,3,1,89,36,31
Adam Lowry,WPG,F,79,13,8,21,0.27,93.6,1.2,2,5,115,231,43
Brian Boyle,PIT,F,66,11,10,21,0.32,70.2,1.1,0,1,87,95,39
Milan Lucic,CGY,F,82,10,11,21,0.26,73.9,0.9,3,0,95,209,22
Carson Soucy,SEA,D,64,10,11,21,0.33,91.0,1.4,2,2,97,118,73
Owen Tippett,PHI,F,63,10,11,21,0.33,62.9,1.0,3,0,126,98,16
Ryan McLeod,EDM,F,71,9,12,21,0.3,56.0,0.8,5,0,82,28,25
Zach Sanford,WPG,F,80,9,12,21,0.26,92.3,1.1,3,0,104,169,67
Victor Rask,SEA,F,47,9,12,21,0.45,40.3,0.9,1,0,58,15,5
Mason Appleton,WPG,F,68,8,13,21,0.31,55.2,0.8,0,0,98,64,20
Jakob Chychrun,ARI,D,47,7,14,21,0.45,80.7,1.7,1,0,141,51,66
Johan Larsson,WAS,F,43,7,14,21,0.49,53.4,1.2,3,0,44,70,25
Alex Galchenyuk,ARI,F,60,6,15,21,0.35,55.1,0.9,1,0,89,67,24
Philipp Kurashev,CHI,F,67,6,15,21,0.31,56.2,0.8,5,0,86,31,30
Nick Jensen,WAS,D,76,5,16,21,0.28,94.3,1.2,0,0,88,135,92
Brett Kulak,EDM,D,74,5,16,21,0.28,77.5,1.0,0,1,92,103,63
Ryan Pulock,NYI,D,56,5,16,21,0.38,115.3,2.1,6,1,122,86,130
Jakob Silfverberg,ANH,F,53,5,16,21,0.4,62.1,1.2,5,0,120,16,40
Matt Roy,LA,D,67,2,19,21,0.31,104.2,1.6,2,2,153,124,103
Duncan Keith,EDM,D,64,1,20,21,0.33,90.1,1.4,2,0,79,22,114
Daniel Sprong,SEA,F,63,14,6,20,0.32,60.6,1.0,2,0,153,43,12
Alexandre Texier,CLS,F,36,11,9,20,0.56,45.2,1.2,0,2,59,13,12
Colin Blackwell,TOR,F,58,10,10,20,0.34,59.8,1.0,0,2,77,91,24
Brett Howden,VGK,F,47,9,11,20,0.43,58.1,1.2,0,2,39,62,36
Nico Sturm,COL,F,74,9,11,20,0.27,64.5,0.9,1,1,101,99,29
William Carrier,VGK,F,63,9,11,20,0.32,68.9,1.1,0,0,120,159,24
Pierre-Edouard Bellemare,TB,F,80,9,11,20,0.25,67.5,0.8,0,1,72,88,44
Tyson Jost,MIN,F,80,8,12,20,0.25,62.2,0.8,0,1,97,55,37
K'Andre Miller,NYR,D,82,7,13,20,0.24,100.3,1.2,1,0,102,151,95
Jonathan Drouin,MON,F,34,6,14,20,0.59,42.4,1.2,4,0,62,27,11
Michael McLeod,NJ,F,77,6,14,20,0.26,65.8,0.8,0,1,78,145,34
Sam Steel,ANH,F,68,6,14,20,0.29,51.3,0.8,3,0,66,37,27
Ty Smith,NJ,D,66,5,15,20,0.3,75.7,1.1,4,0,77,45,73
Jon Merrill,MIN,D,69,4,16,20,0.29,90.5,1.3,0,0,59,46,112
Brenden Dillon,WPG,D,79,3,17,20,0.25,106.7,1.3,0,0,85,212,108
Jakub Vrana,DET,F,26,13,6,19,0.73,47.4,1.8,6,0,65,14,9
Sam Carrick,ANH,F,64,11,8,19,0.3,60.7,0.9,0,0,80,122,21
Derek Stepan,CAR,F,58,9,10,19,0.33,53.0,0.9,0,0,96,29,25
Derick Brassard,EDM,F,46,8,11,19,0.41,45.4,1.0,2,0,62,82,6
Zach Whitecloud,VGK,D,59,8,11,19,0.32,104.2,1.8,0,1,94,98,115
Evgeny Svechnikov,WPG,F,72,7,12,19,0.26,55.2,0.8,0,0,78,104,22
Zack Kassian,EDM,F,58,6,13,19,0.33,50.2,0.9,2,0,58,154,6
Adam Erne,DET,F,79,6,13,19,0.24,73.4,0.9,0,0,108,161,43
Kieffer Bellows,NYI,F,45,6,13,19,0.42,52.2,1.2,4,0,79,103,14
Casey Mittelstadt,BUF,F,40,6,13,19,0.47,44.3,1.1,7,0,79,19,12
Nick Holden,OTT,D,76,5,14,19,0.25,99.0,1.3,0,0,75,115,112
Radek Faksa,DAL,F,77,5,14,19,0.25,81.3,1.1,1,2,89,129,68
Henri Jokiharju,BUF,D,60,3,16,19,0.32,69.6,1.1,4,0,83,73,60
Alexander Edler,LA,D,41,3,16,19,0.46,68.5,1.7,0,1,54,56,70
Loui Eriksson,ARI,F,73,3,16,19,0.26,44.3,0.6,1,1,81,17,23
Ian Cole,CAR,D,75,2,17,19,0.25,92.2,1.2,0,1,77,110,104
Marcus Pettersson,PIT,D,72,2,17,19,0.26,78.5,1.1,0,0,83,122,74
Keith Yandle,FA,D,77,1,18,19,0.25,58.9,0.8,11,0,105,29,40
Nathan Bastian,NJ,F,72,12,6,18,0.25,82.7,1.1,4,0,97,210,40
Michael Amadio,VGK,F,56,11,7,18,0.32,47.6,0.8,0,0,64,42,16
Zemgus Girgensons,BUF,F,56,10,8,18,0.32,59.8,1.1,4,0,92,81,25
Nils Hoglander,VAN,F,60,10,8,18,0.3,54.8,0.9,3,0,132,41,16
Ryan Lomberg,FLA,F,55,9,9,18,0.33,51.8,0.9,0,1,91,117,7
Connor McMichael,WAS,F,68,9,9,18,0.26,53.1,0.8,0,0,105,46,22
Trent Frederic,BOS,F,60,8,10,18,0.3,58.9,1.0,0,0,100,119,22
Kaapo Kakko,NYR,F,43,7,11,18,0.42,40.5,0.9,2,0,62,8,15
Justin Braun,NYR,D,69,6,12,18,0.26,100.5,1.4,0,0,73,87,121
Chris Tierney,OTT,F,70,6,12,18,0.26,52.9,0.7,5,0,72,42,30
Jan Rutta,TB,D,76,3,15,18,0.24,74.4,1.0,0,0,86,93,71
Erik Gustafsson,CHI,D,59,3,15,18,0.31,62.9,1.1,4,0,79,45,55
Brayden McNabb,VGK,D,69,3,15,18,0.26,134.9,1.9,0,1,85,154,179
Scott Mayfield,NYI,D,61,3,15,18,0.3,91.7,1.5,0,1,80,77,109
Brian Dumoulin,PIT,D,76,3,15,18,0.24,108.4,1.4,0,0,91,88,139
Tyler Myers,VAN,D,82,1,17,18,0.22,120.8,1.5,1,0,128,145,148
Jacob Peterson,DAL,F,65,12,5,17,0.26,51.7,0.8,1,0,85,22,23
Andreas Athanasiou,LA,F,28,11,6,17,0.61,41.7,1.5,1,0,71,11,10
Ryan Poehling,MON,F,57,9,8,17,0.3,54.1,0.9,2,0,91,40,28
Jason Zucker,PIT,F,41,8,9,17,0.41,52.8,1.3,2,0,102,66,20
Martin Fehervary,WAS,D,79,8,9,17,0.22,119.2,1.5,0,2,96,251,117
Matt Nieto,SJ,F,70,6,11,17,0.24,64.3,0.9,0,0,82,96,47
Sean Couturier,PHI,F,29,6,11,17,0.59,45.1,1.6,5,1,79,22,18
Erik Gudbranson,CGY,D,78,6,11,17,0.22,96.4,1.2,0,0,129,145,92
Dryden Hunt,NYR,F,76,6,11,17,0.22,56.2,0.7,0,0,94,153,17
Janne Kuokkanen,NJ,F,57,6,11,17,0.3,44.7,0.8,1,1,64,33,22
Brandon Duhaime,MIN,F,80,6,11,17,0.21,61.2,0.8,0,0,91,201,18
Bowen Byram,COL,D,30,5,12,17,0.57,45.7,1.5,1,0,49,53,26
Luke Schenn,VAN,D,66,5,12,17,0.26,105.6,1.6,0,1,78,273,96
Mike Reilly,BOS,D,70,4,13,17,0.24,72.9,1.0,3,1,135,94,54
Riley Sheahan,SEA,F,69,4,13,17,0.25,44.5,0.6,0,2,69,16,28
Tomas Nosek,BOS,F,75,3,14,17,0.23,54.9,0.7,0,2,84,85,34
David Savard,MON,D,62,3,14,17,0.27,104.0,1.7,0,1,66,134,127
Brad Hunt,VAN,D,50,3,14,17,0.34,53.9,1.1,2,0,67,22,48
Trevor van Riemsdyk,WAS,D,72,1,16,17,0.24,93.0,1.3,0,1,75,25,129
Jamie Oleksiak,SEA,D,72,1,16,17,0.24,89.2,1.2,0,1,95,182,86
Austin Watson,OTT,F,67,10,6,16,0.24,88.1,1.3,0,1,88,213,63
Casey Cizikas,NYI,F,74,10,6,16,0.22,70.9,0.9,0,1,91,138,43
Luke Glendening,DAL,F,82,9,7,16,0.2,85.0,1.0,0,2,116,179,59
Curtis Lazar,BOS,F,70,8,8,16,0.23,78.1,1.1,0,1,95,186,51
Michael Raffl,DAL,F,76,7,9,16,0.21,65.0,0.9,0,3,94,141,34
Josh Manson,COL,D,67,6,10,16,0.24,84.1,1.3,0,0,92,179,70
Trevor Lewis,CGY,F,80,6,10,16,0.2,71.4,0.9,1,1,108,176,40
Max Comtois,ANH,F,52,6,10,16,0.31,49.8,0.9,2,0,72,111,17
Morgan Frost,PHI,F,55,5,11,16,0.29,49.4,0.9,2,0,85,44,29
Rasmus Sandin,TOR,D,51,5,11,16,0.31,55.4,1.1,3,0,46,88,39
Wayne Simmonds,TOR,F,72,5,11,16,0.22,49.7,0.7,1,0,79,148,11
Andrew Cogliano,COL,F,74,4,12,16,0.22,54.4,0.7,0,2,75,104,31
Marc Staal,DET,D,71,3,13,16,0.23,73.5,1.0,0,0,76,94,75
Radko Gudas,FLA,D,77,3,13,16,0.21,124.0,1.6,0,1,100,355,118
Rasmus Ristolainen,PHI,D,66,2,14,16,0.24,113.7,1.7,1,0,97,230,125
Brandon Tanev,SEA,F,30,9,6,15,0.5,51.4,1.7,2,1,51,98,22
Carl Grundstrom,LA,F,54,9,6,15,0.28,55.2,1.0,0,0,83,134,19
Jimmy Vesey,NJ,F,68,8,7,15,0.22,58.0,0.9,0,2,110,85,29
Joe Veleno,DET,F,66,8,7,15,0.23,55.1,0.8,0,0,73,123,25
Tyler Motte,NYR,F,58,7,8,15,0.26,73.3,1.3,0,1,101,117,58
Juho Lammikko,VAN,F,75,7,8,15,0.2,61.0,0.8,0,0,67,93,46
Darren Helm,COL,F,68,7,8,15,0.22,57.2,0.8,0,2,93,114,27
Cal Clutterbuck,NYI,F,59,6,9,15,0.25,63.3,1.1,0,1,74,229,23
Brandon Carlo,BOS,D,79,6,9,15,0.19,100.8,1.3,1,1,125,143,104
Jordan Martinook,CAR,F,59,6,9,15,0.25,42.5,0.7,0,0,77,83,11
Zach Aston-Reese,ANH,F,69,5,10,15,0.22,71.9,1.0,0,0,78,231,42
Caleb Jones,CHI,D,51,5,10,15,0.29,62.9,1.2,1,0,57,77,58
Janis Moser,ARI,D,43,4,11,15,0.35,54.7,1.3,2,0,40,32,55
Ryan Lindgren,NYR,D,78,4,11,15,0.19,109.7,1.4,0,0,73,129,141
Andrew Peeke,CLS,D,82,2,13,15,0.18,127.8,1.5,0,0,72,191,169
Ilya Lyubushkin,TOR,D,77,2,13,15,0.19,87.6,1.1,0,1,54,187,92
Justin Danforth,CLS,F,45,10,4,14,0.31,51.2,1.1,1,0,72,85,22
Maxim Mamin,FLA,F,40,7,7,14,0.35,40.3,1.0,0,0,49,59,17
Yegor Chinakhov,CLS,F,62,7,7,14,0.23,44.3,0.7,1,0,98,50,16
Dominic Toninato,WPG,F,77,7,7,14,0.18,53.1,0.7,1,4,44,92,32
Michael McCarron,NSH,F,51,7,7,14,0.27,54.2,1.1,1,1,51,116,31
Joel Armia,MON,F,60,6,8,14,0.23,56.2,0.9,3,1,103,104,27
Adam Gaudette,OTT,F,58,5,9,14,0.24,41.6,0.7,2,0,94,72,10
Ethan Bear,CAR,D,58,5,9,14,0.24,55.2,0.9,1,0,97,55,41
Derek Forbort,BOS,D,76,4,10,14,0.18,88.2,1.2,0,1,64,133,100
Jacob Middleton,MIN,D,66,4,10,14,0.21,100.1,1.5,1,1,73,118,124
Nicolas Hague,VGK,D,52,4,10,14,0.27,75.3,1.4,0,0,116,57,80
Marc-Edouard Vlasic,SJ,D,75,3,11,14,0.19,73.7,1.0,0,0,63,54,90
Jake Muzzin,TOR,D,47,3,11,14,0.3,65.5,1.4,0,1,75,105,60
Marco Scandella,STL,D,70,3,11,14,0.2,71.2,1.0,0,2,76,106,70
Carl Hagelin,WAS,F,53,3,11,14,0.26,33.8,0.6,0,1,71,32,12
Zdeno Chara,NYI,D,72,2,12,14,0.19,81.6,1.1,0,0,81,125,90
Colin Miller,BUF,D,38,2,12,14,0.37,48.3,1.3,3,0,48,50,42
Mario Ferraro,SJ,D,63,2,12,14,0.22,110.4,1.7,0,0,49,140,151
Jonas Siegenthaler,NJ,D,70,1,13,14,0.2,87.5,1.2,0,1,92,98,106
Erik Brannstrom,OTT,D,53,0,14,14,0.26,59.0,1.1,6,0,86,39,59
Nicolas Deslauriers,MIN,F,81,8,5,13,0.16,81.3,1.0,0,1,90,263,49
Brendan Lemieux,LA,F,50,8,5,13,0.26,48.2,1.0,0,0,65,122,17
Steven Lorentz,CAR,F,67,8,5,13,0.19,42.2,0.6,0,0,80,67,13
Jansen Harkins,WPG,F,77,7,6,13,0.17,40.8,0.5,0,0,67,51,18
Nick Bjugstad,MIN,F,57,7,6,13,0.23,45.5,0.8,1,0,81,99,14
Rasmus Kupari,LA,F,57,5,8,13,0.23,40.4,0.7,3,1,51,68,17
Sam Lafferty,CHI,F,56,5,8,13,0.23,52.7,0.9,0,0,80,137,26
Ryan Reaves,NYR,F,69,5,8,13,0.19,58.3,0.8,0,0,44,279,16
Chad Ruhwedel,PIT,D,78,4,9,13,0.17,83.1,1.1,0,0,82,149,86
Alexander Romanov,MON,D,79,3,10,13,0.16,121.4,1.5,0,0,107,227,144
Dylan Coghlan,VGK,D,59,3,10,13,0.22,65.5,1.1,4,0,108,62,61
Ben Hutton,VGK,D,58,3,10,13,0.22,64.7,1.1,0,0,78,49,72
Niko Mikkola,STL,D,54,3,10,13,0.24,73.7,1.4,0,1,58,109,81
Dominik Simon,ANH,F,72,3,10,13,0.18,51.5,0.7,1,0,88,72,38
Michael Del Zotto,OTT,D,26,3,10,13,0.5,41.7,1.6,2,0,35,42,34
Nick Foligno,BOS,F,64,2,11,13,0.2,57.3,0.9,1,0,99,164,31
Gustav Lindstrom,DET,D,63,1,12,13,0.21,62.5,1.0,0,0,41,59,77
Logan Stanley,WPG,D,58,1,12,13,0.22,85.6,1.5,0,1,80,131,100
Erik Cernak,TB,D,55,1,12,13,0.24,75.6,1.4,0,0,86,165,73
Dylan DeMelo,WPG,D,76,1,12,13,0.17,88.1,1.2,0,2,78,113,108
Gerald Mayhew,ANH,F,40,11,1,12,0.3,47.6,1.2,1,0,53,58,26
Nathan Walker,STL,F,30,8,4,12,0.4,40.6,1.3,0,0,38,58,22
Parker Kelly,OTT,F,41,7,5,12,0.29,51.9,1.2,0,0,48,131,30
Andrew Ladd,ARI,F,51,7,5,12,0.24,50.0,1.0,4,0,57,68,33
Kevin Rooney,NYR,F,61,6,6,12,0.2,57.0,0.9,0,0,71,84,47
Mackenzie Entwistle,CHI,F,55,5,7,12,0.22,44.8,0.8,0,1,34,129,22
Matthew Highmore,VAN,F,46,5,7,12,0.26,46.7,1.0,1,0,61,41,38
Jani Hakanpaa,DAL,D,80,4,8,12,0.15,104.1,1.3,0,1,68,248,112
Cody Eakin,BUF,F,69,4,8,12,0.17,42.7,0.6,2,1,74,33,29
Dysin Mayo,ARI,D,67,4,8,12,0.18,103.0,1.5,0,0,76,129,133
Laurent Dauphin,MON,F,38,4,8,12,0.32,37.6,1.0,0,0,50,31,27
Ryan Carpenter,CGY,F,67,3,9,12,0.18,57.8,0.9,1,0,67,136,44
Tyler Bozak,STL,F,50,3,9,12,0.24,33.6,0.7,1,2,46,20,21
Mark Pysyk,BUF,D,68,3,9,12,0.18,68.0,1.0,0,0,64,41,85
Riley Stillman,CHI,D,52,2,10,12,0.23,64.6,1.2,0,0,49,122,67
Emil Bemstrom,CLS,F,41,6,5,11,0.27,29.8,0.7,0,0,62,36,6
Jasper Weatherby,SJ,F,50,5,6,11,0.22,38.7,0.8,2,0,45,52,24
Michael Pezzetta,MON,F,51,5,6,11,0.22,40.5,0.8,0,0,49,156,8
Devin Shore,EDM,F,49,5,6,11,0.22,37.3,0.8,0,1,36,67,21
Jason Dickinson,VAN,F,62,5,6,11,0.18,54.2,0.9,0,0,66,101,43
Logan Brown,STL,F,39,4,7,11,0.28,27.6,0.7,1,0,34,22,13
Dean Kukan,CLS,D,41,3,8,11,0.27,41.9,1.0,0,0,41,43,39
Braden Schneider,NYR,D,43,2,9,11,0.26,48.0,1.1,1,0,25,60,52
Nikita Zaitsev,OTT,D,62,2,9,11,0.18,84.8,1.4,0,2,65,128,103
Danny DeKeyser,DET,D,59,0,11,11,0.19,72.6,1.2,0,0,57,49,102
Matt Benning,NSH,D,65,0,11,11,0.17,58.8,0.9,0,0,61,82,67
Adam Ruzicka,CGY,F,28,5,5,10,0.36,24.7,0.9,0,0,33,24,8
Vinni Lettieri,ANH,F,31,5,5,10,0.32,35.0,1.1,5,0,50,40,17
Quinton Byfield,LA,F,40,5,5,10,0.25,26.9,0.7,1,0,39,20,11
Christian Fischer,ARI,F,53,5,5,10,0.19,43.2,0.8,1,0,76,91,22
Joe Thornton,FLA,F,34,5,5,10,0.29,26.1,0.8,3,0,26,20,10
Connor Murphy,CHI,D,57,4,6,10,0.18,109.1,1.9,0,0,71,130,150
Travis Hamonic,OTT,D,43,4,6,10,0.23,76.0,1.8,0,0,82,73,93
Karson Kuhlman,SEA,F,44,3,7,10,0.23,36.9,0.8,0,0,68,71,20
Cam York,PHI,D,30,3,7,10,0.33,40.3,1.3,4,0,33,20,40
Colin White,OTT,F,24,3,7,10,0.42,26.0,1.1,7,0,47,28,4
Jake Walman,DET,D,51,3,7,10,0.2,55.9,1.1,1,0,87,47,58
Andy Greene,NYI,D,69,2,8,10,0.14,84.1,1.2,0,0,52,39,126
Connor Clifton,BOS,D,60,2,8,10,0.17,66.6,1.1,0,0,80,156,62
Kale Clague,MON,D,36,2,8,10,0.28,29.0,0.8,3,0,26,14,23
Jacob Bryson,BUF,D,73,1,9,10,0.14,60.8,0.8,7,0,43,55,73
Mattias Samuelsson,BUF,D,42,0,10,10,0.24,54.4,1.3,0,0,44,100,60
Scott Reedy,SJ,F,35,7,2,9,0.26,35.2,1.0,3,0,33,14,26
Noah Cates,PHI,F,16,5,4,9,0.56,21.9,1.3,1,0,23,21,6
Mathieu Perreault,MON,F,25,4,5,9,0.36,25.2,1.0,1,0,27,35,11
Patrick Brown,PHI,F,44,4,5,9,0.2,46.1,1.0,0,0,51,100,36
Klim Kostin,STL,F,40,4,5,9,0.23,29.6,0.7,0,0,31,90,9
Lucas Carlsson,FLA,D,40,3,6,9,0.23,34.5,0.8,0,0,41,39,29
Zack MacEwen,PHI,F,75,3,6,9,0.12,52.1,0.7,0,0,82,159,32
Alexei Protas,WAS,F,33,3,6,9,0.27,23.9,0.7,1,0,34,20,12
Matty Beniers,SEA,F,10,3,6,9,0.9,18.5,1.8,4,0,18,7,4
Kris Russell,EDM,D,31,2,7,9,0.29,51.7,1.6,0,0,34,33,68
Gabriel Carlsson,CLS,D,38,2,7,9,0.24,32.0,0.8,0,0,18,27,33
Kyle Capobianco,ARI,D,45,2,7,9,0.2,43.3,1.0,2,0,40,43,46
Anton Blidh,BOS,F,32,2,7,9,0.28,30.5,0.9,0,0,28,82,17
Cal Foote,TB,D,56,2,7,9,0.16,52.7,0.9,0,0,49,83,57
Robert Hagg,FLA,D,64,1,8,9,0.14,80.7,1.2,0,0,59,138,102
Jack Johnson,COL,D,74,1,8,9,0.12,59.3,0.8,0,1,57,91,68
Anders Bjork,BUF,F,58,5,3,8,0.14,27.2,0.5,0,0,51,11,16
Ryan Dzingel,SJ,F,32,5,3,8,0.25,22.7,0.7,0,0,32,20,9
Antoine Roussel,ARI,F,53,4,4,8,0.15,42.3,0.8,0,0,59,74,34
Calvin de Haan,CHI,D,69,4,4,8,0.12,123.3,1.8,0,0,107,146,172
Brad Richardson,VAN,F,44,4,4,8,0.18,31.0,0.7,0,0,31,59,20
Brendan Smith,CAR,D,45,4,4,8,0.18,45.6,1.0,0,0,63,73,40
Fabian Zetterlund,NJ,F,14,3,5,8,0.57,19.7,1.4,0,0,36,16,7
Noel Acciari,FLA,F,20,3,5,8,0.4,27.0,1.4,0,0,32,48,16
Dakota Joshua,STL,F,30,3,5,8,0.27,26.8,0.9,0,0,31,77,10
Alec Martinez,VGK,D,26,3,5,8,0.31,50.8,1.9,0,0,32,26,68
Zach Bogosian,TB,D,48,3,5,8,0.17,45.4,0.9,0,0,60,114,34
Will Borgen,SEA,D,36,2,6,8,0.22,40.3,1.1,0,0,49,89,33
Jordan Oesterle,DET,D,45,2,6,8,0.18,41.0,0.9,0,0,63,27,44
Will Butcher,BUF,D,37,2,6,8,0.22,31.6,0.8,2,0,35,11,32
Jaycob Megna,SJ,D,44,2,6,8,0.18,67.1,1.5,0,0,40,71,92
Jordan Spence,LA,D,24,2,6,8,0.33,32.8,1.3,2,0,41,32,29
Mikey Anderson,LA,D,57,2,6,8,0.14,63.6,1.1,0,0,58,133,69
Kole Lind,SEA,F,23,2,6,8,0.35,19.9,0.8,0,0,31,18,10
Olli Maatta,LA,D,66,1,7,8,0.12,68.8,1.0,0,0,61,67,94
Jordie Benn,MIN,D,39,1,7,8,0.21,38.3,1.0,0,0,37,51,41
Tobias Bjornfot,LA,D,70,0,8,8,0.11,48.4,0.7,0,0,53,61,58
Gavin Bayreuther,CLS,D,43,0,8,8,0.19,39.9,0.9,0,0,44,50,45
Alex Chmelevski,SJ,F,19,0,8,8,0.42,15.1,0.8,0,0,31,20,4
Gabriel Vilardi,LA,F,25,5,2,7,0.28,22.2,0.9,2,0,41,6,9
Brendan Gaunce,CLS,F,30,5,2,7,0.23,25.1,0.8,0,0,44,42,9
Paul Byron,MON,F,27,4,3,7,0.26,24.4,0.9,0,0,33,66,7
Joe Snively,WAS,F,12,4,3,7,0.58,15.3,1.2,1,0,21,2,3
Henrik Borgstrom,CHI,F,52,4,3,7,0.13,27.7,0.5,1,0,41,26,19
Givani Smith,DET,F,46,4,3,7,0.15,34.6,0.7,0,0,50,86,20
Dylan Gambrell,OTT,F,63,3,4,7,0.11,46.1,0.7,0,1,58,103,39
Josh Mahura,ANH,D,38,3,4,7,0.18,45.4,1.2,0,0,36,63,51
Julien Gauthier,NYR,F,49,3,4,7,0.14,33.7,0.7,0,0,69,98,14
Boris Katchouk,CHI,F,59,3,4,7,0.12,39.6,0.7,0,0,58,138,20
Matt Martin,NYI,F,71,3,4,7,0.1,53.1,0.7,0,0,66,235,26
Tyler Johnson,CHI,F,26,3,4,7,0.27,21.2,0.8,2,0,30,37,7
Gregory Hofmann,FA,F,24,2,5,7,0.29,19.6,0.8,0,0,33,23,10
Patrik Nemeth,NYR,D,63,2,5,7,0.11,76.7,1.2,0,0,52,115,102
Austin Czarnik,NYI,F,17,2,5,7,0.41,14.2,0.8,0,0,14,3,7
Nicolas Meloche,SJ,D,50,2,5,7,0.14,55.9,1.1,0,1,36,158,54
Travis Dermott,VAN,D,60,2,5,7,0.12,42.1,0.7,0,0,46,55,46
Jeremy Lauzon,NSH,D,66,2,5,7,0.11,70.4,1.1,0,0,75,224,63
Ross Johnston,NYI,F,32,2,5,7,0.22,26.9,0.8,0,0,9,90,16
Cole Perfetti,WPG,F,18,2,5,7,0.39,14.3,0.8,1,0,21,17,2
Calle Rosen,STL,D,18,2,5,7,0.39,19.4,1.1,0,0,18,6,16
Nolan Patrick,VGK,F,25,2,5,7,0.28,17.0,0.7,1,0,34,26,3
Joel Kiviranta,DAL,F,56,1,6,7,0.12,35.1,0.6,0,0,59,97,23
Thomas Novak,NSH,F,27,1,6,7,0.26,15.9,0.6,4,0,25,4,6
Victor Mete,FA,D,37,0,7,7,0.19,30.5,0.8,1,0,27,13,38
Cam Dineen,ARI,D,34,0,7,7,0.21,36.4,1.1,0,0,52,22,44
Max Willman,PHI,F,41,4,2,6,0.15,26.8,0.6,0,0,65,53,10
Carter Rowney,DET,F,26,4,2,6,0.23,25.6,1.0,0,1,15,36,20
Michael Carcone,ARI,F,21,4,2,6,0.29,20.2,1.0,0,0,36,31,7
Alex Barre-Boulet,TB,F,16,3,3,6,0.38,13.6,0.8,1,0,16,10,3
Matt Luff,NSH,F,23,3,3,6,0.26,16.5,0.7,0,0,26,29,4
Brett Leason,WAS,F,36,3,3,6,0.17,22.1,0.6,0,0,45,16,14
Kevin Labanc,SJ,F,21,3,3,6,0.29,21.9,1.0,4,0,36,28,9
Joel Edmundson,MON,D,24,3,3,6,0.25,40.8,1.7,0,0,32,61,45
Michael Stone,CGY,D,11,2,4,6,0.55,22.5,2.0,2,0,24,26,17
Joel Hanley,DAL,D,44,2,4,6,0.14,37.3,0.8,0,0,18,60,43
Radim Zohorna,PIT,F,17,2,4,6,0.35,12.7,0.7,0,0,9,23,3
Corey Schueneman,MON,D,24,2,4,6,0.25,33.0,1.4,1,0,30,15,40
Oskar Steen,BOS,F,20,2,4,6,0.3,17.7,0.8,0,0,25,32,8
Brett Murray,BUF,F,19,2,4,6,0.32,12.6,0.6,1,0,14,17,2
Connor Dewar,MIN,F,35,2,4,6,0.17,28.7,0.8,1,0,44,48,22
Jonas Rondbjerg,VGK,F,30,2,4,6,0.2,17.8,0.6,0,0,30,13,11
Jake Leschyshyn,VGK,F,41,2,4,6,0.15,27.5,0.7,0,0,35,45,23
Ryan Merkley,SJ,D,39,1,5,6,0.15,23.8,0.6,2,0,36,12,22
Reese Johnson,CHI,F,37,1,5,6,0.16,30.5,0.8,0,0,24,141,14
Matias Maccelli,ARI,F,23,1,5,6,0.26,14.8,0.6,1,0,21,12,8
Andrej Sustr,ANH,D,38,1,5,6,0.16,30.5,0.8,0,0,28,27,36
Buddy Robinson,ANH,F,32,1,5,6,0.19,22.4,0.7,0,0,38,56,12
Robert Bortuzzo,STL,D,73,1,5,6,0.08,74.2,1.0,0,0,47,135,98
Mitchell Stephens,DET,F,27,0,6,6,0.22,14.3,0.5,0,0,17,21,9
Josh Brown,BOS,D,52,0,6,6,0.12,53.3,1.0,0,0,45,118,62
Sami Niku,MON,D,13,0,6,6,0.46,17.0,1.3,1,0,14,6,17
Casey Fitzgerald,BUF,D,36,0,6,6,0.17,36.2,1.0,0,0,41,86,35
Scott Perunovich,STL,D,19,0,6,6,0.32,15.4,0.8,3,0,14,5,12
Urho Vaakanainen,ANH,D,29,0,6,6,0.21,25.9,0.9,1,0,27,27,28
Brendan Perlini,EDM,F,23,4,1,5,0.22,15.8,0.7,0,0,24,29,3
Jeffrey Viel,SJ,F,34,3,2,5,0.15,24.9,0.7,0,0,30,84,11
Drew O'Connor,PIT,F,22,3,2,5,0.23,16.7,0.7,0,0,40,12,7
Greg McKegg,NYR,F,43,2,3,5,0.12,26.0,0.6,0,1,25,50,22
Colton Sceviour,EDM,F,35,2,3,5,0.14,25.4,0.7,0,1,38,41,20
Kurtis MacDermid,COL,D,58,2,3,5,0.09,33.1,0.6,0,0,46,105,22
Mark Jankowski,BUF,F,19,2,3,5,0.26,12.9,0.6,0,0,14,5,8
Drake Caggiula,BUF,F,18,2,3,5,0.28,15.0,0.8,1,0,23,17,7
Morgan Barron,WPG,F,27,2,3,5,0.19,19.2,0.7,0,0,33,49,8
Jesse Ylonen,MON,F,14,2,3,5,0.36,11.1,0.8,0,0,16,5,4
Robin Salo,NYI,D,21,1,4,5,0.24,21.6,1.0,2,0,24,7,23
Simon Benoit,ANH,D,53,1,4,5,0.09,46.8,0.9,0,0,45,168,39
Kyle Burroughs,VAN,D,42,1,4,5,0.12,51.6,1.2,0,0,39,122,59
Mark Friedman,PIT,D,26,1,4,5,0.19,23.9,0.9,0,0,27,27,25
Tyler Pitlick,MON,F,39,1,4,5,0.13,29.6,0.7,0,0,36,70,26
William Lagesson,MON,D,33,0,5,5,0.15,22.3,0.7,0,0,33,40,20
Lassi Thomson,OTT,D,16,0,5,5,0.31,14.1,0.9,1,0,18,23,9
Ville Heinola,WPG,D,12,0,5,5,0.42,11.9,0.9,0,0,25,9,7
Dylan Samberg,WPG,D,15,0,5,5,0.33,18.0,1.2,0,0,14,21,19
Brett Ritchie,CGY,F,41,3,1,4,0.1,22.8,0.5,0,0,55,78,5
Michael Sgarbossa,WAS,F,10,2,2,4,0.4,8.8,0.8,0,0,11,7,2
Justin Dowling,VAN,F,22,2,2,4,0.18,13.2,0.6,0,0,17,10,9
James Neal,STL,F,19,2,2,4,0.21,13.3,0.7,2,0,31,17,3
Haydn Fleury,SEA,D,36,2,2,4,0.11,48.2,1.3,0,0,52,60,62
John Hayden,BUF,F,55,2,2,4,0.07,35.0,0.6,0,0,66,104,24
Ronnie Attard,PHI,D,15,2,2,4,0.27,18.5,1.2,0,0,16,24,17
Arttu Ruotsalainen,BUF,F,18,2,2,4,0.22,12.7,0.7,0,0,23,14,6
Axel Jonsson-Fjallby,WAS,F,23,2,2,4,0.17,14.7,0.6,0,0,29,18,8
Mark Kastelic,OTT,F,16,2,2,4,0.25,17.2,1.1,0,0,11,51,10
Calen Addison,MIN,D,15,2,2,4,0.27,11.9,0.7,0,0,17,12,6
Nathan Smith,ARI,F,10,2,2,4,0.4,13.0,1.3,0,0,14,26,6
Marian Studenic,DAL,F,33,2,2,4,0.12,20.2,0.6,0,0,42,25,15
Isaac Ratcliffe,PHI,F,10,1,3,4,0.4,13.0,1.3,2,0,14,16,8
Kevin Bahl,NJ,D,17,1,3,4,0.24,16.9,0.9,0,0,16,28,15
Nils Lundkvist,NYR,D,25,1,3,4,0.16,18.2,0.7,2,0,32,15,15
Philippe Myers,NSH,D,27,1,3,4,0.15,21.3,0.8,0,0,28,50,17
Taro Hirose,DET,F,15,1,3,4,0.27,8.9,0.5,2,0,10,9,2
Thomas Harley,DAL,D,34,1,3,4,0.12,26.6,0.8,0,0,36,30,30
Kyle Turris,EDM,F,23,1,3,4,0.17,11.4,0.5,0,0,21,13,6
Andrej Sekera,DAL,D,32,1,3,4,0.12,21.6,0.7,0,0,26,15,25
Matt Irwin,WAS,D,17,1,3,4,0.24,22.0,1.3,0,0,29,36,21
Kyle Clifford,TOR,F,25,1,3,4,0.16,15.4,0.6,0,0,29,50,5
Ryan Murray,COL,D,37,0,4,4,0.11,30.8,0.8,0,1,26,32,41
Derrick Pouliot,SEA,D,11,0,4,4,0.36,12.8,1.1,0,0,8,10,14
Slater Koekkoek,EDM,D,19,0,4,4,0.21,16.2,0.8,0,0,11,21,18
Mark Borowiecki,NSH,D,57,0,4,4,0.07,67.6,1.2,0,0,45,196,79
Nathan Beaulieu,PIT,D,24,0,4,4,0.17,18.3,0.8,0,1,24,19,19
Riley Nash,TB,F,49,0,4,4,0.08,20.7,0.4,0,0,36,46,17
Sammy Blais,NYR,F,14,0,4,4,0.29,13.4,0.9,0,0,17,37,8
Colton White,NJ,D,27,0,4,4,0.15,15.2,0.6,0,0,18,24,14
Bobby Brink,PHI,F,10,0,4,4,0.4,8.8,0.8,1,0,18,15,2
Marc McLaughlin,BOS,F,11,3,0,3,0.27,9.7,0.8,0,0,12,15,2
Jujhar Khaira,CHI,F,27,3,0,3,0.11,25.0,0.9,0,0,32,88,14
Liam O'Brien,ARI,F,39,2,1,3,0.08,27.5,0.7,0,0,36,139,10
Adam Brooks,WPG,F,25,2,1,3,0.12,10.5,0.4,0,0,14,11,6
Sheldon Dries,VAN,F,11,2,1,3,0.27,11.1,1.0,1,0,17,9,6
Jack McBain,ARI,F,10,2,1,3,0.3,14.1,1.4,0,0,13,33,9
Jan Jenik,ARI,F,13,2,1,3,0.23,11.7,0.8,0,0,22,25,4
Kristian Vesalainen,WPG,F,53,2,1,3,0.06,23.5,0.4,0,0,43,72,14
Jonah Gadjovich,SJ,F,43,1,2,3,0.07,25.0,0.6,0,0,36,104,14
Benoit-Olivier Groulx,ANH,F,18,1,2,3,0.17,10.6,0.6,0,0,17,19,6
Carson Meyer,CLS,F,13,1,2,3,0.23,9.0,0.7,0,0,13,27,2
Troy Stecher,LA,D,29,1,2,3,0.1,31.3,1.1,0,0,50,33,38
Philip Broberg,EDM,D,23,1,2,3,0.13,12.9,0.5,0,0,29,10,10
Vladislav Kolyachonok,ARI,D,32,1,2,3,0.09,28.3,0.9,0,0,24,39,36
Tucker Poolman,VAN,D,40,1,2,3,0.07,48.5,1.2,0,0,47,33,73
Nate Thompson,PHI,F,33,1,2,3,0.09,21.2,0.6,0,0,23,49,20
Kevin Connauton,PHI,D,39,1,2,3,0.08,30.4,0.8,0,0,30,74,32
Nick Seeler,PHI,D,43,1,2,3,0.07,48.2,1.1,0,0,32,75,67
Logan Shaw,OTT,F,17,1,2,3,0.18,9.3,0.5,0,0,17,11,5
Tanner Kero,DAL,F,23,0,3,3,0.13,10.1,0.4,0,0,14,12,9
Jakub Zboril,BOS,D,10,0,3,3,0.3,11.7,1.1,0,0,13,24,10
Jayson Megna,COL,F,20,0,3,3,0.15,12.1,0.6,0,0,19,27,9
Dennis Cholowski,SEA,D,11,0,3,3,0.27,11.1,1.0,0,0,11,5,13
Jalen Chatfield,CAR,D,16,0,3,3,0.19,13.7,0.8,0,0,25,32,10
Jack Studnicka,BOS,F,15,0,3,3,0.2,9.3,0.6,0,0,21,17,5
